,businessUnitId,stars,identifyingName,displayName,logoUrl,numberOfReviews,trustScore,location,isRecommendedInCategories,contact,categories
0,56cf01100000ff0005896222,4.5,www.cannacaredocs.com,Canna Care Docs,//s3-eu-west-1.amazonaws.com/tpd/logos/56cf01100000ff0005896222/0x0.png,10913,4.7,"{'address': 'Over 30 Locations to serve you', 'city': None, 'zipCode': None, 'country': 'United States'}",True,"{'website': 'http://www.cannacaredocs.com/', 'email': 'info@cannacaredocs.com', 'phone': '(866) 846-2420'}","[{'categoryId': 'alternative_medicine_practitioner', 'displayName': 'Alternative Medicine Practitioner', 'isPredicted': False}]"
1,5cba1bc3001a030001a806fc,4.0,helloalpha.com,Hello Alpha,//s3-eu-west-1.amazonaws.com/tpd/logos/5cba1bc3001a030001a806fc/0x0.png,8072,4.1,"{'address': None, 'city': None, 'zipCode': None, 'country': 'United States'}",True,"{'website': 'http://helloalpha.com', 'email': 'contact@helloalpha.com', 'phone': None}","[{'categoryId': 'obstetrics_gynecology_clinic', 'displayName': ""Women's Health Clinic"", 'isPredicted': False}, {'categoryId': 'doctor', 'displayName': 'Doctor', 'isPredicted': False}, {'categoryId': 'mental_health_service', 'displayName': 'Mental Health Service', 'isPredicted': False}]"
2,6321d57a480d0fdd3810c80f,5.0,cannabismdtelemed.com,CannabisMD TeleMed,//s3-eu-west-1.amazonaws.com/tpd/logos/6321d57a480d0fdd3810c80f/0x0.png,6152,5.0,"{'address': '1230 Alverser Dr Ste 103', 'city': 'Midlothian', 'zipCode': '23113', 'country': 'United States'}",True,"{'website': 'http://cannabismdtelemed.com', 'email': 'hello@cannabismdtelemed.com', 'phone': '804-893-5068'}","[{'categoryId': 'alternative_medicine_practitioner', 'displayName': 'Alternative Medicine Practitioner', 'isPredicted': False}]"
3,63dc07581d8f883d27c5513d,4.5,24hrdoc.com,24hrdoc,//s3-eu-west-1.amazonaws.com/tpd/logos/63dc07581d8f883d27c5513d/0x0.png,5736,4.3,"{'address': '3050 Post Oak Blvd', 'city': 'Houston', 'zipCode': '77056', 'country': 'United States'}",True,"{'website': 'http://24hrdoc.com', 'email': 'services@24hrdoc.com', 'phone': '832-838-4746'}","[{'categoryId': 'medical_clinic', 'displayName': 'Medical Clinic', 'isPredicted': False}, {'categoryId': 'std_clinic', 'displayName': 'STD Clinic', 'isPredicted': False}, {'categoryId': 'dental_clinic', 'displayName': 'Dental Clinic', 'isPredicted': False}]"
4,5d0922486401330001588153,4.0,callondoc.com,CallonDoc,//s3-eu-west-1.amazonaws.com/tpd/logos/5d0922486401330001588153/0x0.png,5118,4.1,"{'address': '8355 Walnut Hill Ln', 'city': 'Dallas', 'zipCode': '75231', 'country': 'United States'}",False,"{'website': 'https://callondoc.com/en/consultation', 'email': 'provider@callondoc.com', 'phone': None}","[{'categoryId': 'dermatologist', 'displayName': 'Dermatologist', 'isPredicted': False}, {'categoryId': 'std_clinic', 'displayName': 'STD Clinic', 'isPredicted': False}, {'categoryId': 'urgent_care_center', 'displayName': 'Urgent Care Center', 'isPredicted': False}, {'categoryId': 'pediatrician', 'displayName': 'Pediatrician', 'isPredicted': False}, {'categoryId': 'std_testing_service', 'displayName': 'STD Testing Service', 'isPredicted': False}, {'categoryId': 'medical_clinic', 'displayName': 'Medical Clinic', 'isPredicted': False}]"
5,5ef1f1d5de0cb70001f4d84f,5.0,relaxedclarity.com,Relaxed Clarity,//s3-eu-west-1.amazonaws.com/tpd/logos/5ef1f1d5de0cb70001f4d84f/0x0.png,4853,4.9,"{'address': '1006 Depot Hill Road, Suite 100', 'city': 'Broomfield', 'zipCode': '80020', 'country': 'United States'}",True,"{'website': 'http://www.relaxedclarity.com', 'email': 'info@relaxedclarity.com', 'phone': '9704125955'}","[{'categoryId': 'alternative_medicine_practitioner', 'displayName': 'Alternative Medicine Practitioner', 'isPredicted': False}]"
6,5cfa9a1d3ce3c100015344f5,4.5,bettermedcare.com,BetterMed Urgent Care,//s3-eu-west-1.amazonaws.com/tpd/logos/5cfa9a1d3ce3c100015344f5/0x0.png,4817,4.4,"{'address': '3200 Rockbridge St.', 'city': 'Richmond', 'zipCode': '23230', 'country': 'United States'}",False,"{'website': 'http://bettermedcare.com', 'email': 'info@bettermedcare.com', 'phone': '804-386-0200'}","[{'categoryId': 'urgent_care_center', 'displayName': 'Urgent Care Center', 'isPredicted': False}, {'categoryId': 'walk_in_clinic', 'displayName': 'Walk-In Clinic', 'isPredicted': False}]"
7,5b870181e0ee2e0001c31061,4.5,shop.drcolbert.com,Divine Health® Dr. Colbert,//s3-eu-west-1.amazonaws.com/tpd/logos/5b870181e0ee2e0001c31061/0x0.png,4269,4.5,"{'address': '325 Morrison Park Drive, Suite 130', 'city': 'Southlake', 'zipCode': '76092', 'country': 'United States'}",True,"{'website': 'https://DivineHealth.com', 'email': 'todd@divinehealth.com', 'phone': '4077326952'}","[{'categoryId': 'holistic_medicine_practitioner', 'displayName': 'Holistic Medicine Practitioner', 'isPredicted': False}, {'categoryId': 'weight_loss_service', 'displayName': 'Weight Loss Service', 'isPredicted': False}, {'categoryId': 'wellness_program', 'displayName': 'Wellness Program', 'isPredicted': False}, {'categoryId': 'vitamin_and_supplements_store', 'displayName': 'Vitamin and Supplements Store', 'isPredicted': False}, {'categoryId': 'doctor', 'displayName': 'Doctor', 'isPredicted': False}, {'categoryId': 'fitness_and_nutrition_service', 'displayName': 'Fitness and Nutrition Service', 'isPredicted': False}]"
8,63caa6848fcd1c82bbeac42d,5.0,leafwell.com,Leafwell,//s3-eu-west-1.amazonaws.com/tpd/logos/63caa6848fcd1c82bbeac42d/0x0.png,4220,4.8,"{'address': '9100 South Dadeland Blvd, Suite 1701', 'city': 'Miami', 'zipCode': '33516', 'country': 'United States'}",True,"{'website': 'https://leafwell.com', 'email': 'support@leafwell.com', 'phone': '+1 (800) 660-9085'}","[{'categoryId': 'alternative_medicine_practitioner', 'displayName': 'Alternative Medicine Practitioner', 'isPredicted': False}]"
9,6215772a89423feabd68f6a4,5.0,defymedical.com,Defy Medical,//s3-eu-west-1.amazonaws.com/tpd/logos/6215772a89423feabd68f6a4/0x0.png,2355,4.9,"{'address': ' 4809 N Armenia Ave UNIT 220', 'city': 'Tampa', 'zipCode': '33603', 'country': 'United States'}",True,"{'website': 'http://www.defymedical.com', 'email': 'Care@defymedical.com', 'phone': '813-445-7342'}","[{'categoryId': 'mental_health_service', 'displayName': 'Mental Health Service', 'isPredicted': False}, {'categoryId': 'doctor', 'displayName': 'Doctor', 'isPredicted': False}, {'categoryId': 'obstetrics_gynecology_clinic', 'displayName': ""Women's Health Clinic"", 'isPredicted': False}, {'categoryId': 'specialized_clinic', 'displayName': 'Specialized Clinic', 'isPredicted': False}, {'categoryId': 'pain_management_physician', 'displayName': 'Pain Management Physician', 'isPredicted': False}, {'categoryId': 'medical_clinic', 'displayName': 'Medical Clinic', 'isPredicted': False}]"
10,60a3fe65d3a8ed0001a01007,4.5,bywinona.com,By Winona,//s3-eu-west-1.amazonaws.com/tpd/logos/60a3fe65d3a8ed0001a01007/0x0.png,2092,4.7,"{'address': '1401 Lavaca St #40478', 'city': 'Austin', 'zipCode': '78701', 'country': 'United States'}",True,"{'website': 'http://bywinona.com?utm_source=trustpilot&el=trustpilot&htrafficsource=trustpilot', 'email': 'hello@bywinona.com', 'phone': '(415) 840-1465'}","[{'categoryId': 'doctor', 'displayName': 'Doctor', 'isPredicted': False}, {'categoryId': 'obstetrics_gynecology_clinic', 'displayName': ""Women's Health Clinic"", 'isPredicted': False}, {'categoryId': 'wellness_center', 'displayName': 'Wellness Center', 'isPredicted': False}, {'categoryId': 'pharmacy', 'displayName': 'Pharmacy', 'isPredicted': False}]"
11,5bcf62fa3b29100001fb268c,5.0,royalmedicalcenters.com,Royal Medical Center,//s3-eu-west-1.amazonaws.com/tpd/logos/5bcf62fa3b29100001fb268c/0x0.png,2027,4.8,"{'address': '1000 E Hillsboro Blvd Suite 102', 'city': 'Deerfield Beach', 'zipCode': '33441', 'country': 'United States'}",True,"{'website': 'https://royalmedicalcenters.com', 'email': 'info@royalmedicalcenters.com', 'phone': '800-625-3837'}","[{'categoryId': 'pharmacy', 'displayName': 'Pharmacy', 'isPredicted': False}, {'categoryId': 'medical_clinic', 'displayName': 'Medical Clinic', 'isPredicted': False}, {'categoryId': 'alternative_medicine_practitioner', 'displayName': 'Alternative Medicine Practitioner', 'isPredicted': False}]"
12,5730a5290000ff00058c9ea9,5.0,www.centerforvein.com,Center for Vein Restoration,//s3-eu-west-1.amazonaws.com/tpd/logos/5730a5290000ff00058c9ea9/0x0.png,1844,4.8,"{'address': None, 'city': None, 'zipCode': None, 'country': 'United States'}",True,"{'website': 'http://www.centerforvein.com', 'email': None, 'phone': None}","[{'categoryId': 'pain_management_physician', 'displayName': 'Pain Management Physician', 'isPredicted': False}, {'categoryId': 'pain_control_clinic', 'displayName': 'Pain Control Clinic', 'isPredicted': False}, {'categoryId': 'wellness_center', 'displayName': 'Wellness Center', 'isPredicted': False}, {'categoryId': 'vascular_surgeon', 'displayName': 'Vascular Surgeon', 'isPredicted': False}, {'categoryId': 'surgeon', 'displayName': 'Surgeon', 'isPredicted': False}, {'categoryId': 'medical_center', 'displayName': 'Medical Center', 'isPredicted': False}]"
13,5c829629f229920001fc7499,4.5,invigormedical.com,Invigor Medical,//s3-eu-west-1.amazonaws.com/tpd/logos/5c829629f229920001fc7499/0x0.png,1666,4.5,"{'address': '1030 N Center Pkwy', 'city': 'Kennewick', 'zipCode': '99336', 'country': 'United States'}",True,"{'website': 'https://invigormedical.com', 'email': 'support@invigormedical.com', 'phone': '888-966-4854'}","[{'categoryId': 'medical_clinic', 'displayName': 'Medical Clinic', 'isPredicted': False}]"
14,5683e0d40000ff0005871505,5.0,prestodoctor.com,PrestoDoctor.com,,1660,5.0,"{'address': None, 'city': None, 'zipCode': None, 'country': 'United States'}",False,"{'website': 'https://prestodoctor.com/?ref=tp', 'email': 'team@prestodoctor.com', 'phone': '(650) 5-420-420'}","[{'categoryId': 'home_health_care_service', 'displayName': 'Home Health Care Service', 'isPredicted': False}, {'categoryId': 'alternative_medicine_practitioner', 'displayName': 'Alternative Medicine Practitioner', 'isPredicted': False}]"
15,64995c53797c474e7391ae4c,4.0,reflexmd.com,ReflexMD,//s3-eu-west-1.amazonaws.com/tpd/logos/64995c53797c474e7391ae4c/0x0.png,1586,4.2,"{'address': '2093 Philadelphia Pike unit 2388', 'city': 'Claymont', 'zipCode': '19703-2424', 'country': 'United States'}",True,"{'website': 'http://reflexmd.com', 'email': 'help@reflexmd.com', 'phone': '(888) 807-2462'}","[{'categoryId': 'medical_clinic', 'displayName': 'Medical Clinic', 'isPredicted': False}, {'categoryId': 'wellness_program', 'displayName': 'Wellness Program', 'isPredicted': False}, {'categoryId': 'online_prescription_medication_vendor', 'displayName': 'Online Prescription Medication Vendor', 'isPredicted': False}, {'categoryId': 'weight_loss_service', 'displayName': 'Weight Loss Service', 'isPredicted': False}]"
16,60c0c0c6ec0de2000117285e,5.0,mycompassionateclinic.com,Compassionate Clinics of America,//s3-eu-west-1.amazonaws.com/tpd/logos/60c0c0c6ec0de2000117285e/0x0.png,1531,4.9,"{'address': '2101 Waukegan Road', 'city': 'Bannockburn', 'zipCode': '60015', 'country': 'United States'}",True,"{'website': 'http://mycompassionateclinic.com', 'email': 'info@mycompassionateclinic.com', 'phone': '(888) 372-0325'}","[{'categoryId': 'medical_clinic', 'displayName': 'Medical Clinic', 'isPredicted': False}, {'categoryId': 'wellness_center', 'displayName': 'Wellness Center', 'isPredicted': False}, {'categoryId': 'alternative_medicine_practitioner', 'displayName': 'Alternative Medicine Practitioner', 'isPredicted': False}, {'categoryId': 'pain_management_physician', 'displayName': 'Pain Management Physician', 'isPredicted': False}, {'categoryId': 'doctor', 'displayName': 'Doctor', 'isPredicted': False}]"
17,5dc30673616280000168bbd0,4.5,veriheal.com,Veriheal,//s3-eu-west-1.amazonaws.com/tpd/logos/5dc30673616280000168bbd0/0x0.png,1163,4.4,"{'address': None, 'city': None, 'zipCode': None, 'country': 'United States'}",False,"{'website': 'https://www.veriheal.com', 'email': 'info@veriheal.com', 'phone': '8336637284'}","[{'categoryId': 'alternative_medicine_practitioner', 'displayName': 'Alternative Medicine Practitioner', 'isPredicted': False}]"
18,5c78399d65c9d500015b0037,5.0,beyondhealth.com,Beyond Health International,//s3-eu-west-1.amazonaws.com/tpd/logos/5c78399d65c9d500015b0037/0x0.png,1094,4.8,"{'address': '1000 Pocatello Creek Rd. Suite W1', 'city': 'Pocatello', 'zipCode': '83201', 'country': 'United States'}",True,"{'website': 'https://beyondhealth.com/', 'email': 'help@beyondhealth.com', 'phone': '800-250-3063'}","[{'categoryId': 'health_and_beauty_shop', 'displayName': 'Health and Beauty Shop', 'isPredicted': False}, {'categoryId': 'fitness_and_nutrition_service', 'displayName': 'Fitness and Nutrition Service', 'isPredicted': False}, {'categoryId': 'drugstore', 'displayName': 'Drug Store', 'isPredicted': False}, {'categoryId': 'vitamin_and_supplements_store', 'displayName': 'Vitamin and Supplements Store', 'isPredicted': False}, {'categoryId': 'holistic_medicine_practitioner', 'displayName': 'Holistic Medicine Practitioner', 'isPredicted': False}, {'categoryId': 'skin_care_clinic', 'displayName': 'Skin Care Clinic', 'isPredicted': False}]"
19,5ffb0e538b18380001bc9dcf,5.0,www.pragamedica.com,PRAGA MEDICA,//s3-eu-west-1.amazonaws.com/tpd/logos/5ffb0e538b18380001bc9dcf/0x0.png,1042,4.9,"{'address': 'Plzenska 155/113', 'city': 'Praha 5', 'zipCode': '15000', 'country': 'United States'}",True,"{'website': 'http://www.pragamedica.com', 'email': 'info@pragamedica.com', 'phone': '228 880 995'}","[{'categoryId': 'optometrist', 'displayName': 'Optometrist', 'isPredicted': False}, {'categoryId': 'dental_implants_periodontist', 'displayName': 'Dental Implants Periodontist', 'isPredicted': False}, {'categoryId': 'weight_loss_service', 'displayName': 'Weight Loss Service', 'isPredicted': False}, {'categoryId': 'reproductive_health_clinic', 'displayName': 'Reproductive Health Clinic', 'isPredicted': False}, {'categoryId': 'plastic_surgery_clinic', 'displayName': 'Plastic Surgery Clinic', 'isPredicted': False}, {'categoryId': 'travel_clinic', 'displayName': 'Travel Clinic', 'isPredicted': False}]"
20,60af046e117c42000178c9e3,5.0,thrivelab.com,Thrivelab,//s3-eu-west-1.amazonaws.com/tpd/logos/60af046e117c42000178c9e3/0x0.png,907,4.8,"{'address': '2719 S. El Camino Real', 'city': 'San Clemente', 'zipCode': '92672', 'country': 'United States'}",True,"{'website': 'http://thrivelab.com', 'email': 'support@thrivelab.com', 'phone': '(737)377-1600'}","[{'categoryId': 'obstetrics_gynecology_clinic', 'displayName': ""Women's Health Clinic"", 'isPredicted': False}, {'categoryId': 'wellness_program', 'displayName': 'Wellness Program', 'isPredicted': False}, {'categoryId': 'wellness_center', 'displayName': 'Wellness Center', 'isPredicted': False}, {'categoryId': 'home_health_care_service', 'displayName': 'Home Health Care Service', 'isPredicted': False}, {'categoryId': 'online_pharmacy', 'displayName': 'Online Pharmacy', 'isPredicted': False}, {'categoryId': 'medical_clinic', 'displayName': 'Medical Clinic', 'isPredicted': False}]"
21,6418c02b4d729569d0f95476,5.0,mdanywhere.com,MDAnywhere,//s3-eu-west-1.amazonaws.com/tpd/logos/6418c02b4d729569d0f95476/0x0.png,828,4.9,"{'address': 'PO Box 397', 'city': 'Miller Place', 'zipCode': '11764', 'country': 'United States'}",True,"{'website': 'http://mdanywhere.com', 'email': 'info@mdanywhere.com', 'phone': '1-800-632-4981 '}","[{'categoryId': 'doctor', 'displayName': 'Doctor', 'isPredicted': False}, {'categoryId': 'online_prescription_medication_vendor', 'displayName': 'Online Prescription Medication Vendor', 'isPredicted': False}, {'categoryId': 'general_practitioner', 'displayName': 'General Practitioner', 'isPredicted': False}, {'categoryId': 'medical_clinic', 'displayName': 'Medical Clinic', 'isPredicted': False}]"
22,5d3272819bfa500001334f42,4.5,maleexcel.com,Male Excel,//s3-eu-west-1.amazonaws.com/tpd/logos/5d3272819bfa500001334f42/0x0.png,821,4.7,"{'address': '809 Westmere Ave, Suite A', 'city': 'Charlotte', 'zipCode': 'NC 28208', 'country': 'United States'}",False,"{'website': 'http://maleexcel.com', 'email': 'support@maleexcel.com', 'phone': '+1 (888) 215-1324'}","[{'categoryId': 'medical_clinic', 'displayName': 'Medical Clinic', 'isPredicted': False}, {'categoryId': 'online_prescription_medication_vendor', 'displayName': 'Online Prescription Medication Vendor', 'isPredicted': False}, {'categoryId': 'online_pharmacy', 'displayName': 'Online Pharmacy', 'isPredicted': False}]"
23,60d685512689b70001d7a24d,3.5,circlemedical.com,Circle Medical,//s3-eu-west-1.amazonaws.com/tpd/logos/60d685512689b70001d7a24d/0x0.png,782,3.7,"{'address': '333 1st Street #A', 'city': 'San Francisco', 'zipCode': '94105', 'country': 'United States'}",True,"{'website': 'http://circlemedical.com', 'email': 'info@circlemedical.com', 'phone': '(415) 840-0560'}","[{'categoryId': 'mental_health_service', 'displayName': 'Mental Health Service', 'isPredicted': False}, {'categoryId': 'medical_clinic', 'displayName': 'Medical Clinic', 'isPredicted': False}, {'categoryId': 'doctor', 'displayName': 'Doctor', 'isPredicted': False}]"
24,61156d21264808001da71274,4.5,valhallavitality.com,Valhalla Vitality,//s3-eu-west-1.amazonaws.com/tpd/logos/61156d21264808001da71274/0x0.png,747,4.3,"{'address': '92-18 Rockaway Beach Boulevard', 'city': 'Queens', 'zipCode': '11693', 'country': 'United States'}",True,"{'website': 'https://valhallavitality.com', 'email': None, 'phone': None}","[{'categoryId': 'weight_loss_service', 'displayName': 'Weight Loss Service', 'isPredicted': False}, {'categoryId': 'holistic_medicine_practitioner', 'displayName': 'Holistic Medicine Practitioner', 'isPredicted': False}]"
25,61b244919580764bc1d1b631,4.5,myalloy.com,myalloy.com,//s3-eu-west-1.amazonaws.com/tpd/logos/61b244919580764bc1d1b631/0x0.png,740,4.5,"{'address': None, 'city': None, 'zipCode': None, 'country': 'United States'}",True,"{'website': 'http://myalloy.com', 'email': None, 'phone': None}","[{'categoryId': 'obstetrics_gynecology_clinic', 'displayName': ""Women's Health Clinic"", 'isPredicted': False}, {'categoryId': 'medical_clinic', 'displayName': 'Medical Clinic', 'isPredicted': False}, {'categoryId': 'specialized_clinic', 'displayName': 'Specialized Clinic', 'isPredicted': False}]"
26,65b32e7b0feb96173977ea6c,4.5,joinfridays.com,Fridays Health,//s3-eu-west-1.amazonaws.com/tpd/logos/65b32e7b0feb96173977ea6c/0x0.png,696,4.5,"{'address': '17322 Murphy Ave', 'city': 'Irvine', 'zipCode': '92614', 'country': 'United States'}",True,"{'website': 'http://joinfridays.com', 'email': 'support@joinfridays.com', 'phone': None}","[{'categoryId': 'fitness_and_nutrition_service', 'displayName': 'Fitness and Nutrition Service', 'isPredicted': False}, {'categoryId': 'online_prescription_medication_vendor', 'displayName': 'Online Prescription Medication Vendor', 'isPredicted': False}, {'categoryId': 'medical_spa', 'displayName': 'Medical Spa', 'isPredicted': False}, {'categoryId': 'medical_clinic', 'displayName': 'Medical Clinic', 'isPredicted': False}, {'categoryId': 'weight_loss_service', 'displayName': 'Weight Loss Service', 'isPredicted': False}]"
27,63503eb9dd60fc1a7d605fec,4.5,pompaprogram.com,Pompa Program,//s3-eu-west-1.amazonaws.com/tpd/logos/63503eb9dd60fc1a7d605fec/0x0.png,574,4.4,"{'address': '1526 W Ute Blvd', 'city': 'Park City', 'zipCode': '84098', 'country': 'United States'}",True,"{'website': 'http://pompaprogram.com', 'email': None, 'phone': None}","[{'categoryId': 'holistic_medicine_practitioner', 'displayName': 'Holistic Medicine Practitioner', 'isPredicted': False}, {'categoryId': 'alternative_medicine_practitioner', 'displayName': 'Alternative Medicine Practitioner', 'isPredicted': False}, {'categoryId': 'vitamin_and_supplements_store', 'displayName': 'Vitamin and Supplements Store', 'isPredicted': False}, {'categoryId': 'health_consultant', 'displayName': 'Health Consultant', 'isPredicted': False}]"
28,5fc5fcf98f14430001f4925f,4.5,doctoralexa.com,Doctor Alexa,//s3-eu-west-1.amazonaws.com/tpd/logos/5fc5fcf98f14430001f4925f/0x0.png,561,4.5,"{'address': '2412 Old North Road', 'city': 'Denton', 'zipCode': '76209', 'country': 'United States'}",False,"{'website': 'http://doctoralexa.com', 'email': 'admin@doctoralexa.com', 'phone': '4694986868'}","[{'categoryId': 'health_medical', 'displayName': 'Health & Medical', 'isPredicted': False}, {'categoryId': 'urgent_care_center', 'displayName': 'Urgent Care Center', 'isPredicted': False}, {'categoryId': 'doctor', 'displayName': 'Doctor', 'isPredicted': False}, {'categoryId': 'medical_clinic', 'displayName': 'Medical Clinic', 'isPredicted': False}]"
29,612d29bb9f5bde001dd1de9f,4.5,joinfound.com,Found,//s3-eu-west-1.amazonaws.com/tpd/logos/612d29bb9f5bde001dd1de9f/0x0.png,537,4.3,"{'address': '1 Letterman Drive, Ste C3500', 'city': 'San Francisco', 'zipCode': '94129', 'country': 'United States'}",False,"{'website': 'http://joinfound.com', 'email': 'support@joinfound.com', 'phone': None}","[{'categoryId': 'weight_loss_service', 'displayName': 'Weight Loss Service', 'isPredicted': False}, {'categoryId': 'online_prescription_medication_vendor', 'displayName': 'Online Prescription Medication Vendor', 'isPredicted': False}, {'categoryId': 'medical_clinic', 'displayName': 'Medical Clinic', 'isPredicted': False}]"
30,5c76e58c61447700016810ef,5.0,thcphysicians.com,THC Physicians,//s3-eu-west-1.amazonaws.com/tpd/logos/5c76e58c61447700016810ef/0x0.png,520,4.8,"{'address': '4723 W. Atlantic Ave., Suite 11 ', 'city': 'Delray Beach', 'zipCode': '33445', 'country': 'United States'}",False,"{'website': 'http://thcphysicians.com', 'email': 'info@thcphysicians.com', 'phone': '561-665-6090'}","[{'categoryId': 'alternative_medicine_practitioner', 'displayName': 'Alternative Medicine Practitioner', 'isPredicted': False}, {'categoryId': 'doctor', 'displayName': 'Doctor', 'isPredicted': False}]"
31,5d5702ea812e5f00011cc2bc,4.5,quickmedcards.com,QuickMedCards,//s3-eu-west-1.amazonaws.com/tpd/logos/5d5702ea812e5f00011cc2bc/0x0.png,494,4.7,"{'address': None, 'city': None, 'zipCode': None, 'country': 'United States'}",False,"{'website': 'http://quickmedcards.com', 'email': None, 'phone': None}","[{'categoryId': 'medical_clinic', 'displayName': 'Medical Clinic', 'isPredicted': False}]"
32,5f1d9ef8570685000181e79d,4.0,leafyquickwellness.com,Leafy DOC,//s3-eu-west-1.amazonaws.com/tpd/logos/5f1d9ef8570685000181e79d/0x0.png,485,3.9,"{'address': '1859 Janke Dr', 'city': 'Northbrook', 'zipCode': '60062', 'country': 'United States'}",True,"{'website': 'https://leafydoc.com/', 'email': 'hello@leafydoc.com', 'phone': '(315) 871-0884'}","[{'categoryId': 'alternative_medicine_practitioner', 'displayName': 'Alternative Medicine Practitioner', 'isPredicted': False}]"
33,5dce9e8e1cc9020001365af7,4.0,ezcareclinic.com,EZCare Clinic,//s3-eu-west-1.amazonaws.com/tpd/logos/5dce9e8e1cc9020001365af7/0x0.png,404,4.2,"{'address': '1884 MARKET ST ', 'city': 'San Francisco', 'zipCode': '94102', 'country': 'United States'}",False,"{'website': 'https://ezcareclinic.io/', 'email': 'help@ezcareclinic.io', 'phone': '4159660848'}","[{'categoryId': 'doctor', 'displayName': 'Doctor', 'isPredicted': False}, {'categoryId': 'medical_clinic', 'displayName': 'Medical Clinic', 'isPredicted': False}, {'categoryId': 'mental_health_clinic', 'displayName': 'Mental Health Clinic', 'isPredicted': False}, {'categoryId': 'mental_health_service', 'displayName': 'Mental Health Service', 'isPredicted': False}]"
34,63343fe152ada644146340fb,5.0,cardahealth.com,Carda Health,,397,4.9,"{'address': None, 'city': 'New York', 'zipCode': None, 'country': 'United States'}",True,"{'website': 'http://cardahealth.com', 'email': 'support@cardahealth.com', 'phone': None}","[{'categoryId': 'home_health_care_service', 'displayName': 'Home Health Care Service', 'isPredicted': False}, {'categoryId': 'medical_clinic', 'displayName': 'Medical Clinic', 'isPredicted': False}]"
35,64a8892d152c571a851bdf83,4.5,biopreventative.com,biopreventative,//s3-eu-west-1.amazonaws.com/tpd/logos/64a8892d152c571a851bdf83/0x0.png,387,4.7,"{'address': '14508 Lincoln Blvd ste 121 #120', 'city': 'Miami', 'zipCode': '33176-7428', 'country': 'United States'}",True,"{'website': 'http://biopreventative.com', 'email': 'support@biopreventative.com', 'phone': '2486548263'}","[{'categoryId': 'health_consultant', 'displayName': 'Health Consultant', 'isPredicted': False}, {'categoryId': 'weight_loss_service', 'displayName': 'Weight Loss Service', 'isPredicted': False}, {'categoryId': 'sports_medicine_clinic', 'displayName': 'Sports Medicine Clinic', 'isPredicted': False}, {'categoryId': 'medical_office', 'displayName': 'Medical Office', 'isPredicted': False}, {'categoryId': 'health_spa', 'displayName': 'Health Spa', 'isPredicted': False}, {'categoryId': 'medical_clinic', 'displayName': 'Medical Clinic', 'isPredicted': False}]"
36,5a85bcc7a8196300010a2b12,4.5,conceptionsrepro.com,Conceptions,,326,4.6,"{'address': 'West County Line Road 271', 'city': 'Littleton', 'zipCode': '80129', 'country': 'United States'}",False,"{'website': 'http://conceptionsrepro.com', 'email': None, 'phone': None}","[{'categoryId': 'gynecologist', 'displayName': 'Obstetrician-Gynecologist', 'isPredicted': False}, {'categoryId': 'doctor', 'displayName': 'Doctor', 'isPredicted': False}, {'categoryId': 'fertility_physician', 'displayName': 'Fertility Physician', 'isPredicted': False}, {'categoryId': 'fertility_clinic', 'displayName': 'Fertility Clinic', 'isPredicted': False}, {'categoryId': 'specialized_clinic', 'displayName': 'Specialized Clinic', 'isPredicted': False}]"
37,5e4ec44438d2d60001f5e252,4.5,formhealth.co,Form Health,//s3-eu-west-1.amazonaws.com/tpd/logos/5e4ec44438d2d60001f5e252/0x0.png,326,4.4,"{'address': '179 Lincoln St', 'city': 'Boston', 'zipCode': '02111', 'country': 'United States'}",True,"{'website': 'http://formhealth.co', 'email': 'info@formhealth.co', 'phone': '6175051520'}","[{'categoryId': 'fitness_and_nutrition_service', 'displayName': 'Fitness and Nutrition Service', 'isPredicted': False}, {'categoryId': 'weight_loss_service', 'displayName': 'Weight Loss Service', 'isPredicted': False}, {'categoryId': 'medical_clinic', 'displayName': 'Medical Clinic', 'isPredicted': False}]"
38,636670a5e587d7e508b5d2f2,4.5,hidrb.com,Dr. B,//s3-eu-west-1.amazonaws.com/tpd/logos/636670a5e587d7e508b5d2f2/0x0.png,313,4.7,"{'address': None, 'city': None, 'zipCode': None, 'country': 'United States'}",True,"{'website': 'http://hidrb.com', 'email': None, 'phone': None}","[{'categoryId': 'medical_clinic', 'displayName': 'Medical Clinic', 'isPredicted': False}, {'categoryId': 'doctor', 'displayName': 'Doctor', 'isPredicted': False}, {'categoryId': 'obstetrics_gynecology_clinic', 'displayName': ""Women's Health Clinic"", 'isPredicted': False}, {'categoryId': 'urgent_care_center', 'displayName': 'Urgent Care Center', 'isPredicted': False}, {'categoryId': 'dermatologist', 'displayName': 'Dermatologist', 'isPredicted': False}, {'categoryId': 'reproductive_health_clinic', 'displayName': 'Reproductive Health Clinic', 'isPredicted': False}]"
39,5d5af4b798cae8000130fd9b,4.5,navacenter.com,Nava Health & Vitality Center,,308,4.7,"{'address': None, 'city': None, 'zipCode': None, 'country': 'United States'}",False,"{'website': 'http://navacenter.com', 'email': None, 'phone': None}","[{'categoryId': 'holistic_medicine_practitioner', 'displayName': 'Holistic Medicine Practitioner', 'isPredicted': False}]"
40,620f118c4d1c7f6bda5615c3,2.5,twentyeighthealth.com,Twentyeight Health,,292,2.6,"{'address': '330 E 38th Street', 'city': 'New York', 'zipCode': '10016', 'country': 'United States'}",True,"{'website': 'http://twentyeighthealth.com', 'email': 'contact@twentyeighthealth.com', 'phone': '929-352-0060'}","[{'categoryId': 'obstetrics_gynecology_clinic', 'displayName': ""Women's Health Clinic"", 'isPredicted': False}, {'categoryId': 'reproductive_health_clinic', 'displayName': 'Reproductive Health Clinic', 'isPredicted': False}, {'categoryId': 'online_pharmacy', 'displayName': 'Online Pharmacy', 'isPredicted': False}]"
41,5c13c56216ae040001dffefa,5.0,mmherbs.com,MountainMeadowHerbs,//s3-eu-west-1.amazonaws.com/tpd/logos/5c13c56216ae040001dffefa/0x0.png,283,4.8,"{'address': '1019 Hard Rock Rd', 'city': 'Somers', 'zipCode': '59932', 'country': 'United States'}",False,"{'website': 'https://www.mmherbs.com/', 'email': 'info@mmherbs.com', 'phone': '8885288615'}","[{'categoryId': 'obstetrics_gynecology_clinic', 'displayName': ""Women's Health Clinic"", 'isPredicted': False}, {'categoryId': 'wellness_center', 'displayName': 'Wellness Center', 'isPredicted': False}, {'categoryId': 'vitamin_and_supplements_store', 'displayName': 'Vitamin and Supplements Store', 'isPredicted': False}, {'categoryId': 'herb_shop', 'displayName': 'Herb Shop', 'isPredicted': False}, {'categoryId': 'herbalist', 'displayName': 'Herbalist', 'isPredicted': False}, {'categoryId': 'herbal_medicine_store', 'displayName': 'Herbal Medicine Store', 'isPredicted': False}]"
42,606238e8a1350b0001b21e32,4.5,elevate-holistics.com,Elevate Holistics Medical Marijuana Cards,//s3-eu-west-1.amazonaws.com/tpd/logos/606238e8a1350b0001b21e32/0x0.png,276,4.6,"{'address': '5711 East 71st. STE 100', 'city': 'Tulsa', 'zipCode': '74136', 'country': 'United States'}",False,"{'website': 'http://elevate-holistics.com', 'email': 'stephen@elevate-holistics.com', 'phone': '660.205.2215'}","[{'categoryId': 'alternative_medicine_practitioner', 'displayName': 'Alternative Medicine Practitioner', 'isPredicted': False}, {'categoryId': 'medical_clinic', 'displayName': 'Medical Clinic', 'isPredicted': False}]"
43,61f1b411c2a6ed1e31e95d79,5.0,perryhealth.com,Perry Health,//s3-eu-west-1.amazonaws.com/tpd/logos/61f1b411c2a6ed1e31e95d79/0x0.png,273,4.9,"{'address': None, 'city': None, 'zipCode': None, 'country': 'United States'}",True,"{'website': 'http://perryhealth.com', 'email': None, 'phone': None}","[{'categoryId': 'health_consultant', 'displayName': 'Health Consultant', 'isPredicted': False}, {'categoryId': 'diabetes_center', 'displayName': 'Diabetes Center', 'isPredicted': False}, {'categoryId': 'doctor', 'displayName': 'Doctor', 'isPredicted': False}, {'categoryId': 'home_health_care_service', 'displayName': 'Home Health Care Service', 'isPredicted': False}, {'categoryId': 'medical_clinic', 'displayName': 'Medical Clinic', 'isPredicted': False}]"
44,65d8e20676b12427ad62d36c,5.0,skinnyrx.com,SkinnyRx,//s3-eu-west-1.amazonaws.com/tpd/logos/65d8e20676b12427ad62d36c/0x0.png,271,4.8,"{'address': None, 'city': None, 'zipCode': None, 'country': 'United States'}",False,"{'website': 'http://skinnyrx.com', 'email': 'support@skinnyrx.com', 'phone': '1-888-979-9580'}","[{'categoryId': 'holistic_medicine_practitioner', 'displayName': 'Holistic Medicine Practitioner', 'isPredicted': False}, {'categoryId': 'online_prescription_medication_vendor', 'displayName': 'Online Prescription Medication Vendor', 'isPredicted': False}, {'categoryId': 'wellness_program', 'displayName': 'Wellness Program', 'isPredicted': False}, {'categoryId': 'online_pharmacy', 'displayName': 'Online Pharmacy', 'isPredicted': False}, {'categoryId': 'health_consultant', 'displayName': 'Health Consultant', 'isPredicted': False}, {'categoryId': 'weight_loss_service', 'displayName': 'Weight Loss Service', 'isPredicted': False}]"
45,631927004e626dd97ccab7aa,5.0,getinterlude.com,Interlude,//s3-eu-west-1.amazonaws.com/tpd/logos/631927004e626dd97ccab7aa/0x0.png,256,4.8,"{'address': None, 'city': None, 'zipCode': None, 'country': 'United States'}",True,"{'website': 'https://getinterlude.com', 'email': 'support@getinterlude.com', 'phone': '(909) 378-6899'}","[{'categoryId': 'obstetrics_gynecology_clinic', 'displayName': ""Women's Health Clinic"", 'isPredicted': False}]"
46,61fc03fb1d3ad10220c7bac8,3.0,thecaremd.com,The CareMD,,230,3.1,"{'address': None, 'city': None, 'zipCode': None, 'country': 'United States'}",False,"{'website': 'http://thecaremd.com', 'email': None, 'phone': None}","[{'categoryId': 'medical_clinic', 'displayName': 'Medical Clinic', 'isPredicted': False}]"
47,5e91dcfed83fbe00011c3d17,4.0,docbright.com,DocBright,//s3-eu-west-1.amazonaws.com/tpd/logos/5e91dcfed83fbe00011c3d17/0x0.png,224,4.1,"{'address': None, 'city': None, 'zipCode': None, 'country': 'United States'}",False,"{'website': 'http://docbright.com', 'email': 'WeCare@docbright.com', 'phone': None}","[{'categoryId': 'medical_clinic', 'displayName': 'Medical Clinic', 'isPredicted': False}]"
48,63bdd0d45a1748a5ecb9a750,4.0,copilotiq.com,CopilotIQ,//s3-eu-west-1.amazonaws.com/tpd/logos/63bdd0d45a1748a5ecb9a750/0x0.png,202,4.1,"{'address': '40 Burton Hills Blvd, Suite 200', 'city': 'NASHVILLE', 'zipCode': '37215', 'country': 'United States'}",True,"{'website': 'http://copilotiq.com', 'email': 'info@copilotiq.com', 'phone': '800-930-5144'}","[{'categoryId': 'diabetes_equipment_supplier', 'displayName': 'Diabetes Equipment Supplier', 'isPredicted': False}, {'categoryId': 'diabetes_center', 'displayName': 'Diabetes Center', 'isPredicted': False}, {'categoryId': 'home_health_care_service', 'displayName': 'Home Health Care Service', 'isPredicted': False}]"
49,5f8c79f33f799000015ee75c,5.0,pandiahealth.com,Pandia Health ,//s3-eu-west-1.amazonaws.com/tpd/logos/5f8c79f33f799000015ee75c/0x0.png,192,4.8,"{'address': '1257 Elko Dr. ', 'city': 'San Jose ', 'zipCode': '94089', 'country': 'United States'}",False,"{'website': 'http://pandiahealth.com', 'email': 'scraig@pandiapharmacy.com', 'phone': '650-437-1918'}","[{'categoryId': 'obstetrics_gynecology_clinic', 'displayName': ""Women's Health Clinic"", 'isPredicted': False}]"
50,662902091f7b950cd886663e,5.0,bmimd.com,bmiMD,//s3-eu-west-1.amazonaws.com/tpd/logos/662902091f7b950cd886663e/0x0.png,189,4.9,"{'address': '420 Lexington Ave', 'city': 'New York', 'zipCode': '10170', 'country': 'United States'}",False,"{'website': 'http://bmimd.com', 'email': 'orders@bmiMD.com', 'phone': '718-FAT-LOSS(328-5677)'}","[{'categoryId': 'medical_clinic', 'displayName': 'Medical Clinic', 'isPredicted': False}, {'categoryId': 'weight_loss_service', 'displayName': 'Weight Loss Service', 'isPredicted': False}]"
51,656e14b76981cdbbbb653e29,5.0,nativemed.net,NativeMed,//s3-eu-west-1.amazonaws.com/tpd/logos/656e14b76981cdbbbb653e29/0x0.png,189,4.8,"{'address': None, 'city': None, 'zipCode': None, 'country': 'United States'}",True,"{'website': 'http://nativemed.net', 'email': None, 'phone': '(833) 850-8585'}","[{'categoryId': 'weight_loss_service', 'displayName': 'Weight Loss Service', 'isPredicted': False}, {'categoryId': 'medical_clinic', 'displayName': 'Medical Clinic', 'isPredicted': False}]"
52,63a184c52c4ca815c899510b,5.0,nirvahealth.com,Nirva,//s3-eu-west-1.amazonaws.com/tpd/logos/63a184c52c4ca815c899510b/0x0.png,179,4.9,"{'address': '16192 Coastal Highway Lewes ', 'city': 'Delaware', 'zipCode': '19958', 'country': 'United States'}",False,"{'website': 'http://nirvahealth.com', 'email': 'social@nirvahealth.com', 'phone': '+1 661-459-4821'}","[{'categoryId': 'yoga_instructor', 'displayName': 'Yoga Instructor', 'isPredicted': False}, {'categoryId': 'yoga_studio', 'displayName': 'Yoga Studio', 'isPredicted': False}, {'categoryId': 'wellness_program', 'displayName': 'Wellness Program', 'isPredicted': False}, {'categoryId': 'holistic_medicine_practitioner', 'displayName': 'Holistic Medicine Practitioner', 'isPredicted': False}, {'categoryId': 'alternative_medicine_practitioner', 'displayName': 'Alternative Medicine Practitioner', 'isPredicted': False}]"
53,6494f01e17f3a2d93d2ac102,4.5,premiumhealth.us,Premium Health,//s3-eu-west-1.amazonaws.com/tpd/logos/6494f01e17f3a2d93d2ac102/0x0.png,179,4.6,"{'address': '1820 E GARRY AVE, STE 116', 'city': 'Santa Ana', 'zipCode': '92705', 'country': 'United States'}",True,"{'website': 'http://premiumhealth.us', 'email': 'hi@premiumhealth.us', 'phone': '8887000750'}","[{'categoryId': 'weight_loss_service', 'displayName': 'Weight Loss Service', 'isPredicted': False}, {'categoryId': 'medical_clinic', 'displayName': 'Medical Clinic', 'isPredicted': False}]"
54,601af04f10b9ec00016abb95,4.5,fasttestnow.com,Fast Test Now,//s3-eu-west-1.amazonaws.com/tpd/logos/601af04f10b9ec00016abb95/0x0.png,172,4.4,"{'address': '852 Collins Ave', 'city': 'Miami Beach', 'zipCode': '33139', 'country': 'United States'}",False,"{'website': 'https://fasttestnow.com', 'email': 'office@fasttestnow.net', 'phone': '833-830-8383'}","[{'categoryId': 'medical_clinic', 'displayName': 'Medical Clinic', 'isPredicted': False}]"
55,63ad3cef82c5b513bc18d34d,5.0,fademd.com,FadeMD,,167,4.9,"{'address': None, 'city': None, 'zipCode': None, 'country': 'United States'}",False,"{'website': 'http://fademd.com', 'email': 'help@fademd.com', 'phone': None}","[{'categoryId': 'alternative_medicine_practitioner', 'displayName': 'Alternative Medicine Practitioner', 'isPredicted': False}, {'categoryId': 'pain_control_clinic', 'displayName': 'Pain Control Clinic', 'isPredicted': False}, {'categoryId': 'mental_health_clinic', 'displayName': 'Mental Health Clinic', 'isPredicted': False}]"
56,5e1041782c78e1000191d5f6,4.5,mmjherb.com,MMJ Herb Clinic Online,//s3-eu-west-1.amazonaws.com/tpd/logos/5e1041782c78e1000191d5f6/0x0.png,147,4.5,"{'address': '601 S. Figueroa Street', 'city': 'Los Angeles', 'zipCode': '90017', 'country': 'United States'}",False,"{'website': 'http://mmjherb.com', 'email': 'team@mmjherb.com', 'phone': '888-486-9577'}","[{'categoryId': 'medical_clinic', 'displayName': 'Medical Clinic', 'isPredicted': False}]"
57,626ed75171558c5428ed80ec,5.0,vitastir.com,VITAstir®,//s3-eu-west-1.amazonaws.com/tpd/logos/626ed75171558c5428ed80ec/0x0.png,140,4.8,"{'address': '5600 Tennyson Pkwy, Suite 220', 'city': 'Plano', 'zipCode': '75024', 'country': 'United States'}",True,"{'website': 'http://vitastir.com', 'email': 'info@vitastir.com', 'phone': '(248) 675-8089'}","[{'categoryId': 'medical_clinic', 'displayName': 'Medical Clinic', 'isPredicted': False}]"
58,5f4f5fcd58e42e0001f7d421,3.5,usfoodintolerance.com,US Food Intolerance,//s3-eu-west-1.amazonaws.com/tpd/logos/5f4f5fcd58e42e0001f7d421/0x0.png,138,3.6,"{'address': None, 'city': None, 'zipCode': None, 'country': 'United States'}",True,"{'website': 'http://www.Usfoodintolerance.com', 'email': None, 'phone': None}","[{'categoryId': 'holistic_medicine_practitioner', 'displayName': 'Holistic Medicine Practitioner', 'isPredicted': False}, {'categoryId': 'fitness_and_nutrition_service', 'displayName': 'Fitness and Nutrition Service', 'isPredicted': False}, {'categoryId': 'alternative_medicine_practitioner', 'displayName': 'Alternative Medicine Practitioner', 'isPredicted': False}]"
59,603022f8bffb3c00017768ec,5.0,xr.health,XRHealth,//s3-eu-west-1.amazonaws.com/tpd/logos/603022f8bffb3c00017768ec/0x0.png,134,4.8,"{'address': '200 Highland Ave. STE 201', 'city': 'Needham', 'zipCode': '02494', 'country': 'United States'}",False,"{'website': 'https://www.xr.health', 'email': 'info@xr.health', 'phone': '1-800-977-0049'}","[{'categoryId': 'medical_clinic', 'displayName': 'Medical Clinic', 'isPredicted': False}, {'categoryId': 'mental_health_service', 'displayName': 'Mental Health Service', 'isPredicted': False}, {'categoryId': 'occupational_therapist', 'displayName': 'Occupational Therapist', 'isPredicted': False}, {'categoryId': 'home_health_care_service', 'displayName': 'Home Health Care Service', 'isPredicted': False}, {'categoryId': 'physiotherapy_center', 'displayName': 'Physical Therapy Clinic', 'isPredicted': False}]"
60,6080a0e353a0110001912163,4.0,yayaholistic.com,Yaya Holistic,//s3-eu-west-1.amazonaws.com/tpd/logos/6080a0e353a0110001912163/0x0.png,131,4.2,"{'address': None, 'city': None, 'zipCode': None, 'country': 'United States'}",False,"{'website': 'http://yayaholistic.com', 'email': 'info@yayaholistic.com', 'phone': None}","[{'categoryId': 'holistic_medicine_practitioner', 'displayName': 'Holistic Medicine Practitioner', 'isPredicted': False}]"
61,62d8683aa6da98ec28d096dd,5.0,corebalancetraining.com,Core Balance Training,//s3-eu-west-1.amazonaws.com/tpd/logos/62d8683aa6da98ec28d096dd/0x0.png,126,4.8,"{'address': None, 'city': 'Santa Barbara', 'zipCode': None, 'country': 'United States'}",True,"{'website': 'https://corebalancetraining.com', 'email': 'program@corebalancetraining.com', 'phone': None}","[{'categoryId': 'physical_fitness_program', 'displayName': 'Physical Fitness Program', 'isPredicted': False}, {'categoryId': 'rehabilitation_center', 'displayName': 'Rehabilitation Center', 'isPredicted': False}, {'categoryId': 'pain_control_clinic', 'displayName': 'Pain Control Clinic', 'isPredicted': False}, {'categoryId': 'self_service_health_station', 'displayName': 'Self-Service Health Station', 'isPredicted': False}, {'categoryId': 'physiotherapist', 'displayName': 'Physical Therapist', 'isPredicted': False}, {'categoryId': 'physiotherapy_center', 'displayName': 'Physical Therapy Clinic', 'isPredicted': False}]"
62,60da03de1ceb430001e0b4df,4.5,bellsofbliss.com,Bells of Bliss,,120,4.7,"{'address': '3900 Greystone avenue', 'city': 'The Bronx', 'zipCode': '10463', 'country': 'United States'}",True,"{'website': 'http://bellsofbliss.com', 'email': 'guy.@bellsofbliss.com', 'phone': '6468085411'}","[{'categoryId': 'meditation_instructor', 'displayName': 'Meditation Instructor', 'isPredicted': False}, {'categoryId': 'musical_instrument_store', 'displayName': 'Musical Instrument Store', 'isPredicted': False}, {'categoryId': 'art_antiques', 'displayName': 'Art & Antiques', 'isPredicted': False}, {'categoryId': 'alternative_medicine_practitioner', 'displayName': 'Alternative Medicine Practitioner', 'isPredicted': False}]"
63,584e96720000ff000599016f,4.5,lucindaellery-hairloss.co.uk,Lucindaellery Hairloss,,120,4.3,"{'address': None, 'city': None, 'zipCode': None, 'country': 'United States'}",False,"{'website': 'http://lucindaellery-hairloss.co.uk', 'email': None, 'phone': None}","[{'categoryId': 'obstetrics_gynecology_clinic', 'displayName': ""Women's Health Clinic"", 'isPredicted': False}]"
64,61e1be52b101cd65eeb427a0,5.0,virtualdocsonline.com,Virtual Doctors Online,//s3-eu-west-1.amazonaws.com/tpd/logos/61e1be52b101cd65eeb427a0/0x0.png,113,4.9,"{'address': '5057 Keller Springs Rd, Addison TX', 'city': 'Dallas', 'zipCode': '75001', 'country': 'United States'}",False,"{'website': 'http://virtualdocsonline.com', 'email': 'support@virtualdocsonline.com', 'phone': '+1 877-345-3992'}","[{'categoryId': 'mental_health_service', 'displayName': 'Mental Health Service', 'isPredicted': False}, {'categoryId': 'local_medical_services', 'displayName': 'Local Medical Service', 'isPredicted': False}, {'categoryId': 'urgent_care_center', 'displayName': 'Urgent Care Center', 'isPredicted': False}, {'categoryId': 'medical_clinic', 'displayName': 'Medical Clinic', 'isPredicted': False}]"
65,5d23c8cc08ee7e0001398e96,5.0,theprehabguys.com,The Prehab Guys,//s3-eu-west-1.amazonaws.com/tpd/logos/5d23c8cc08ee7e0001398e96/0x0.png,112,4.8,"{'address': None, 'city': 'Los Angeles', 'zipCode': None, 'country': 'United States'}",False,"{'website': 'http://theprehabguys.com', 'email': None, 'phone': None}","[{'categoryId': 'physiotherapy_center', 'displayName': 'Physical Therapy Clinic', 'isPredicted': False}]"
66,5ebacda8c4da3e00010e03f0,3.5,dadikit.com,Dadi,//s3-eu-west-1.amazonaws.com/tpd/logos/5ebacda8c4da3e00010e03f0/0x0.png,104,3.4,"{'address': '109 N 12th Street, Suite 606', 'city': 'BROOKLYN', 'zipCode': '11249', 'country': 'United States'}",False,"{'website': 'http://dadikit.com', 'email': 'support@dadikit.com', 'phone': None}","[{'categoryId': 'medical_lab', 'displayName': 'Medical Laboratory', 'isPredicted': False}, {'categoryId': 'medical_technology_manufacturer', 'displayName': 'Medical Technology Manufacturer', 'isPredicted': False}, {'categoryId': 'specialized_clinic', 'displayName': 'Specialized Clinic', 'isPredicted': False}]"
67,63085107095895a1acc805ab,4.5,mymmjdoctor.com,My MMJ Doctor,//s3-eu-west-1.amazonaws.com/tpd/logos/63085107095895a1acc805ab/0x0.png,101,4.7,"{'address': '#1330, Suite 2, 8700 E University Dr.', 'city': 'Mesa', 'zipCode': '85207', 'country': 'United States'}",False,"{'website': 'https://mymmjdoctor.com/', 'email': 'contact@mymmjdoctor.com', 'phone': '888-281-8758'}","[{'categoryId': 'alternative_medicine_practitioner', 'displayName': 'Alternative Medicine Practitioner', 'isPredicted': False}]"
68,5ec6a46f21dcc60001f6703c,5.0,wellreceived.com,WellReceived,//s3-eu-west-1.amazonaws.com/tpd/logos/5ec6a46f21dcc60001f6703c/0x0.png,96,4.8,"{'address': '1033 SE Main St', 'city': 'Portland', 'zipCode': '97214', 'country': 'United States'}",False,"{'website': 'http://wellreceived.com', 'email': 'hello@wellreceived.com', 'phone': '+1-800-800-4449'}","[{'categoryId': 'hospital', 'displayName': 'Hospital', 'isPredicted': False}, {'categoryId': 'medical_clinic', 'displayName': 'Medical Clinic', 'isPredicted': False}, {'categoryId': 'dentist', 'displayName': 'Dentist', 'isPredicted': False}, {'categoryId': 'telephone_answering_service', 'displayName': 'Telephone Answering Service', 'isPredicted': False}, {'categoryId': 'chiropractor', 'displayName': 'Chiropractor', 'isPredicted': False}, {'categoryId': 'call_center', 'displayName': 'Call Center', 'isPredicted': False}]"
69,60955cf34937bc00014defb4,3.5,getluna.com,Luna Physical Therapy,,92,3.6,"{'address': '6030 W. Oaks Blvd., Suite 210', 'city': 'Rocklin', 'zipCode': '95765', 'country': 'United States'}",False,"{'website': 'http://getluna.com', 'email': 'info@getluna.com', 'phone': '833-444-LUNA'}","[{'categoryId': 'physiotherapy_center', 'displayName': 'Physical Therapy Clinic', 'isPredicted': False}]"
70,64c7204bb8565f7c336c688e,4.0,joinmidi.com,Midi Health,//s3-eu-west-1.amazonaws.com/tpd/logos/64c7204bb8565f7c336c688e/0x0.png,83,3.9,"{'address': None, 'city': None, 'zipCode': None, 'country': 'United States'}",True,"{'website': 'http://joinmidi.com', 'email': None, 'phone': None}","[{'categoryId': 'obstetrics_gynecology_clinic', 'displayName': ""Women's Health Clinic"", 'isPredicted': False}]"
71,63a5d235b3f678ebda100d98,4.5,orthobiotexas.com,Texas Orthobiologics,,81,4.6,"{'address': '1015 N. Carroll, Ste 2000', 'city': 'Dallas', 'zipCode': '75204', 'country': 'United States'}",True,"{'website': 'http://orthobiotexas.com', 'email': 'info@orthobiotexas.com', 'phone': '877-777-8883'}","[{'categoryId': 'pain_management_physician', 'displayName': 'Pain Management Physician', 'isPredicted': False}, {'categoryId': 'sports_medicine_clinic', 'displayName': 'Sports Medicine Clinic', 'isPredicted': False}, {'categoryId': 'alternative_medicine_practitioner', 'displayName': 'Alternative Medicine Practitioner', 'isPredicted': False}, {'categoryId': 'medical_clinic', 'displayName': 'Medical Clinic', 'isPredicted': False}, {'categoryId': 'orthopedic_surgeon', 'displayName': 'Orthopedic Surgeon', 'isPredicted': False}, {'categoryId': 'orthopedic_clinic', 'displayName': 'Orthopedic Clinic', 'isPredicted': False}]"
72,615bb1bce6ef82001f8ef2a6,4.5,alphahormones.com,Alpha Hormones,//s3-eu-west-1.amazonaws.com/tpd/logos/615bb1bce6ef82001f8ef2a6/0x0.png,78,4.7,"{'address': '800 Fairmount Ave, Suite 323', 'city': 'Pasadena', 'zipCode': '91105', 'country': 'United States'}",True,"{'website': 'http://alphahormones.com', 'email': 'contact@alphahormones.com', 'phone': '(213) 334-4111'}","[{'categoryId': 'endocrinologist', 'displayName': 'Endocrinologist', 'isPredicted': False}, {'categoryId': 'doctor', 'displayName': 'Doctor', 'isPredicted': False}, {'categoryId': 'medical_clinic', 'displayName': 'Medical Clinic', 'isPredicted': False}]"
73,663289d4379144cc3603598b,5.0,citizenmeds.com,Citizen Meds®,//s3-eu-west-1.amazonaws.com/tpd/logos/663289d4379144cc3603598b/0x0.png,77,4.9,"{'address': '5600 Tennyson Pkwy', 'city': 'Plano', 'zipCode': '75024', 'country': 'United States'}",True,"{'website': 'http://citizenmeds.com', 'email': 'info@citizenmeds.com', 'phone': '(248) 924-8978'}","[{'categoryId': 'medical_clinic', 'displayName': 'Medical Clinic', 'isPredicted': False}]"
74,5a947f066cbd9000018f7f64,1.5,www.winfertility.com,Inactive Profile,//s3-eu-west-1.amazonaws.com/tpd/logos/5a947f066cbd9000018f7f64/0x0.png,77,1.3,"{'address': 'One American Lane', 'city': 'Greenwich', 'zipCode': '06831', 'country': 'United States'}",False,"{'website': 'http://www.none.com', 'email': 'pswanepoel@winfertility.com', 'phone': '9144123060'}","[{'categoryId': 'pregnancy_care_center', 'displayName': 'Pregnancy Care Center', 'isPredicted': False}, {'categoryId': 'pharmacy', 'displayName': 'Pharmacy', 'isPredicted': False}, {'categoryId': 'family_planning_center', 'displayName': 'Family Planning Center', 'isPredicted': False}, {'categoryId': 'fertility_clinic', 'displayName': 'Fertility Clinic', 'isPredicted': False}, {'categoryId': 'obstetrics_gynecology_clinic', 'displayName': ""Women's Health Clinic"", 'isPredicted': False}]"
75,648b5f89d0dcf3c9c03968df,4.0,drcole.com,Key Cellular Nutrition,//s3-eu-west-1.amazonaws.com/tpd/logos/648b5f89d0dcf3c9c03968df/0x0.png,74,3.9,"{'address': '975 Georges Station Rd', 'city': 'Greensburg', 'zipCode': '15601', 'country': 'United States'}",False,"{'website': 'http://drcole.com', 'email': 'help@drbillcole.com', 'phone': '(878) 295-8339'}","[{'categoryId': 'holistic_medicine_practitioner', 'displayName': 'Holistic Medicine Practitioner', 'isPredicted': False}, {'categoryId': 'wellness_program', 'displayName': 'Wellness Program', 'isPredicted': False}, {'categoryId': 'alternative_medicine_practitioner', 'displayName': 'Alternative Medicine Practitioner', 'isPredicted': False}]"
76,65fb00c16daf80de4a68505a,4.5,globalentryalerts.com,Global Entry Alerts,//s3-eu-west-1.amazonaws.com/tpd/logos/65fb00c16daf80de4a68505a/0x0.png,70,4.5,"{'address': '530 Showers Drive, Suite 7 #124', 'city': 'Mountain View', 'zipCode': '94040', 'country': 'United States'}",True,"{'website': 'http://globalentryalerts.com', 'email': 'info@globalentryalerts.com', 'phone': '408-676-1755'}","[{'categoryId': 'travel_clinic', 'displayName': 'Travel Clinic', 'isPredicted': False}]"
77,63b6090ce7bd8c504de4760b,4.5,cannabiscardorlando.com,Cannabis Card ,//s3-eu-west-1.amazonaws.com/tpd/logos/63b6090ce7bd8c504de4760b/0x0.png,68,4.5,"{'address': '1654 N Semoran Blvd, Ste 148', 'city': 'Orlando', 'zipCode': '32807', 'country': 'United States'}",True,"{'website': 'http://cannabiscardorlando.com', 'email': 'info@cannabiscardorlando.com', 'phone': '321-392-6420'}","[{'categoryId': 'alternative_medicine_practitioner', 'displayName': 'Alternative Medicine Practitioner', 'isPredicted': False}, {'categoryId': 'mental_health_clinic', 'displayName': 'Mental Health Clinic', 'isPredicted': False}, {'categoryId': 'cancer_treatment_center', 'displayName': 'Cancer Treatment Center', 'isPredicted': False}, {'categoryId': 'doctor', 'displayName': 'Doctor', 'isPredicted': False}, {'categoryId': 'pain_management_physician', 'displayName': 'Pain Management Physician', 'isPredicted': False}, {'categoryId': 'medical_center', 'displayName': 'Medical Center', 'isPredicted': False}]"
78,65e169646a7decc57bc5eff1,5.0,awakenpedia.com,Awakenpedia,//s3-eu-west-1.amazonaws.com/tpd/logos/65e169646a7decc57bc5eff1/0x0.png,67,4.9,"{'address': '5 Timber Ridge Court', 'city': 'Flemington', 'zipCode': '08822', 'country': 'United States'}",True,"{'website': 'https://awakenpedia.com', 'email': 'cameron@awakenpedia.com', 'phone': '9082474721'}","[{'categoryId': 'holistic_medicine_practitioner', 'displayName': 'Holistic Medicine Practitioner', 'isPredicted': False}, {'categoryId': 'online_marketplace', 'displayName': 'Online Marketplace', 'isPredicted': False}, {'categoryId': 'alternative_medicine_practitioner', 'displayName': 'Alternative Medicine Practitioner', 'isPredicted': False}, {'categoryId': 'mental_health_service', 'displayName': 'Mental Health Service', 'isPredicted': False}, {'categoryId': 'naturopathic_practitioner', 'displayName': 'Naturopathic Practitioner', 'isPredicted': False}, {'categoryId': 'wellness_program', 'displayName': 'Wellness Program', 'isPredicted': False}]"
79,5e98fb83a14bcb00015fca41,3.5,nourishednaturalhealth.com,Nourished Natural Health,//s3-eu-west-1.amazonaws.com/tpd/logos/5e98fb83a14bcb00015fca41/0x0.png,65,3.7,"{'address': '18121 E. Hampden Ave, Unit C - 681', 'city': 'Aurora', 'zipCode': '80113', 'country': 'United States'}",False,"{'website': 'http://nourishednaturalhealth.com/', 'email': 'hello@nourishednaturalhealth.com', 'phone': '+1 (201) 989-1077'}","[{'categoryId': 'obstetrics_gynecology_clinic', 'displayName': ""Women's Health Clinic"", 'isPredicted': False}, {'categoryId': 'fitness_and_nutrition_service', 'displayName': 'Fitness and Nutrition Service', 'isPredicted': False}]"
80,5e373ec28ae6ec0001ee0989,3.0,stiffdays.com,STIFF DAYS,//s3-eu-west-1.amazonaws.com/tpd/logos/5e373ec28ae6ec0001ee0989/0x0.png,64,3.0,"{'address': '285 Spalding Springs lane', 'city': 'Atlanta', 'zipCode': '30350', 'country': 'United States'}",False,"{'website': 'https://stiffdays.com', 'email': 'Info@stiffdays.com', 'phone': '855-262-6423'}","[{'categoryId': 'alternative_medicine_practitioner', 'displayName': 'Alternative Medicine Practitioner', 'isPredicted': False}, {'categoryId': 'vitamin_and_supplements_store', 'displayName': 'Vitamin and Supplements Store', 'isPredicted': False}, {'categoryId': 'disability_services_and_support_organization', 'displayName': 'Disability Services and Support Organisation', 'isPredicted': False}, {'categoryId': 'sexologist', 'displayName': 'Sexologist', 'isPredicted': False}, {'categoryId': 'fitness_and_nutrition_service', 'displayName': 'Fitness and Nutrition Service', 'isPredicted': False}, {'categoryId': 'herbalist', 'displayName': 'Herbalist', 'isPredicted': False}]"
81,651d8bf541d14ae1f1527ea3,5.0,stepfreerecovery.com,Step Free Recovery,//s3-eu-west-1.amazonaws.com/tpd/logos/651d8bf541d14ae1f1527ea3/0x0.png,61,4.8,"{'address': '2118 Saint Charles St', 'city': 'houston', 'zipCode': '77003', 'country': 'United States'}",True,"{'website': 'https://stepfreerecovery.com', 'email': 'info@stepfreerecovery.com', 'phone': '346-636-1060'}","[{'categoryId': 'online_prescription_medication_vendor', 'displayName': 'Online Prescription Medication Vendor', 'isPredicted': False}, {'categoryId': 'specialized_clinic', 'displayName': 'Specialized Clinic', 'isPredicted': False}, {'categoryId': 'mental_health_service', 'displayName': 'Mental Health Service', 'isPredicted': False}, {'categoryId': 'medical_clinic', 'displayName': 'Medical Clinic', 'isPredicted': False}, {'categoryId': 'drug_addiction_treatment_center', 'displayName': 'Drug Addiction Treatment Center', 'isPredicted': False}, {'categoryId': 'addiction_treatment_center', 'displayName': 'Addiction Treatment Center', 'isPredicted': False}]"
82,61ae006473dd3a551cb9c5f8,4.0,claretdiagnostics.com,Claret Diagnostics,//s3-eu-west-1.amazonaws.com/tpd/logos/61ae006473dd3a551cb9c5f8/0x0.png,61,4.1,"{'address': None, 'city': None, 'zipCode': None, 'country': 'United States'}",False,"{'website': 'http://www.claretdiagnostics.com', 'email': None, 'phone': None}","[{'categoryId': 'medical_lab', 'displayName': 'Medical Laboratory', 'isPredicted': False}, {'categoryId': 'diagnostic_center', 'displayName': 'Diagnostic Center', 'isPredicted': False}, {'categoryId': 'medical_clinic', 'displayName': 'Medical Clinic', 'isPredicted': False}]"
83,613a145fb4099a001d7412de,5.0,www.kernowearhealth.co.uk,Kernow Ear Health,//s3-eu-west-1.amazonaws.com/tpd/logos/613a145fb4099a001d7412de/0x0.png,60,4.8,"{'address': None, 'city': None, 'zipCode': None, 'country': 'United States'}",False,"{'website': 'http://www.kernowearhealth.co.uk', 'email': None, 'phone': None}","[{'categoryId': 'specialized_clinic', 'displayName': 'Specialized Clinic', 'isPredicted': False}]"
84,61b13c7ad04948326e53fd5a,4.5,mmj.com,MMJ.com | Medical Marijuana Doctors Online,,59,4.5,"{'address': '6090 Royalton Road', 'city': 'Cleveland', 'zipCode': '44133', 'country': 'United States'}",False,"{'website': 'https://www.mmj.com', 'email': 'support@mmj.com', 'phone': '888-665-8178'}","[{'categoryId': 'cannabis_store', 'displayName': 'Cannabis store', 'isPredicted': False}, {'categoryId': 'medical_certificate_service', 'displayName': 'Medical Certificate Service', 'isPredicted': False}, {'categoryId': 'wellness_center', 'displayName': 'Wellness Center', 'isPredicted': False}, {'categoryId': 'medical_clinic', 'displayName': 'Medical Clinic', 'isPredicted': False}, {'categoryId': 'local_medical_services', 'displayName': 'Local Medical Service', 'isPredicted': False}]"
85,61c63304769eeaf146a3dfde,4.5,livbio.co.uk,LivBio,//s3-eu-west-1.amazonaws.com/tpd/logos/61c63304769eeaf146a3dfde/0x0.png,55,4.4,"{'address': 'Kemp House, 160 City Road', 'city': 'LONDON', 'zipCode': 'EC1V 2NX', 'country': 'United States'}",True,"{'website': 'http://livbio.co.uk', 'email': 'info@livbio.co.uk', 'phone': '07306166507'}","[{'categoryId': 'drugstore', 'displayName': 'Drug Store', 'isPredicted': False}, {'categoryId': 'obstetrics_gynecology_clinic', 'displayName': ""Women's Health Clinic"", 'isPredicted': False}]"
86,61df0b7eb7afa0a6a7409012,3.5,allarahealth.com,Allara Health,//s3-eu-west-1.amazonaws.com/tpd/logos/61df0b7eb7afa0a6a7409012/0x0.png,54,3.5,"{'address': '636 Broadway #704', 'city': 'New York', 'zipCode': '10012', 'country': 'United States'}",True,"{'website': 'http://allarahealth.com', 'email': 'mckenna@allarahealth.com', 'phone': None}","[{'categoryId': 'obstetrics_gynecology_clinic', 'displayName': ""Women's Health Clinic"", 'isPredicted': False}]"
87,564bf38d0000ff000585a796,5.0,evananda.net,Evananda - Divine Energy Healing®,,53,4.8,"{'address': None, 'city': 'New York, NY', 'zipCode': '10016', 'country': 'United States'}",False,"{'website': 'http://evananda.net', 'email': 'info@evananda.net', 'phone': '(212) 547-8823'}","[{'categoryId': 'spiritist_center', 'displayName': 'Spiritist Center', 'isPredicted': False}, {'categoryId': 'health_consultant', 'displayName': 'Health Consultant', 'isPredicted': False}, {'categoryId': 'psychic', 'displayName': 'Psychic', 'isPredicted': False}, {'categoryId': 'consultant', 'displayName': 'Consultant', 'isPredicted': False}, {'categoryId': 'alternative_medicine_practitioner', 'displayName': 'Alternative Medicine Practitioner', 'isPredicted': False}]"
88,64a5189974d2d8765376c32c,5.0,aura.care,aura,//s3-eu-west-1.amazonaws.com/tpd/logos/64a5189974d2d8765376c32c/0x0.png,42,4.8,"{'address': '27 E 28th Street', 'city': 'New York', 'zipCode': '10016', 'country': 'United States'}",True,"{'website': 'http://aura.care', 'email': 'contact@aura.care', 'phone': '(917) 924 6071'}","[{'categoryId': 'medical_clinic', 'displayName': 'Medical Clinic', 'isPredicted': False}]"
89,5e2f090093c150000197cc34,4.5,kimbocare.com,KimboCare,//s3-eu-west-1.amazonaws.com/tpd/logos/5e2f090093c150000197cc34/0x0.png,41,4.5,"{'address': 'Chemin de Belle Vue 14', 'city': 'Renens VD', 'zipCode': '1020 ', 'country': 'United States'}",False,"{'website': 'http://kimbocare.com', 'email': 'contact@kimbocare.com', 'phone': '0041794391874'}","[{'categoryId': 'holistic_medicine_practitioner', 'displayName': 'Holistic Medicine Practitioner', 'isPredicted': False}]"
90,64aca74cdae8595f37485a47,2.0,weightrx.com,WeightRx,//s3-eu-west-1.amazonaws.com/tpd/logos/64aca74cdae8595f37485a47/0x0.png,38,1.8,"{'address': '777 Brickell Ave', 'city': 'Miami', 'zipCode': '33131', 'country': 'United States'}",True,"{'website': 'http://weightrx.com', 'email': 'support@weightrx.com', 'phone': None}","[{'categoryId': 'medical_clinic', 'displayName': 'Medical Clinic', 'isPredicted': False}, {'categoryId': 'weight_loss_service', 'displayName': 'Weight Loss Service', 'isPredicted': False}]"
91,63b51ceedc7134d7373abb09,5.0,surgeonsolutions.org,(CBD) Surgeons LLC - Your CBD Specialists,//s3-eu-west-1.amazonaws.com/tpd/logos/63b51ceedc7134d7373abb09/0x0.png,37,4.8,"{'address': '130 Dickinson St', 'city': 'Mount Clemens', 'zipCode': '48043', 'country': 'United States'}",False,"{'website': 'https://www.surgeonsolutions.org/', 'email': 'customer.relations@surgeonsolution.io', 'phone': '586 246 5852'}","[{'categoryId': 'herbal_medicine_store', 'displayName': 'Herbal Medicine Store', 'isPredicted': False}, {'categoryId': 'self_service_health_station', 'displayName': 'Self-Service Health Station', 'isPredicted': False}, {'categoryId': 'vitamin_and_supplements_store', 'displayName': 'Vitamin and Supplements Store', 'isPredicted': False}, {'categoryId': 'holistic_medicine_practitioner', 'displayName': 'Holistic Medicine Practitioner', 'isPredicted': False}, {'categoryId': 'alternative_medicine_practitioner', 'displayName': 'Alternative Medicine Practitioner', 'isPredicted': False}, {'categoryId': 'health_and_beauty_shop', 'displayName': 'Health and Beauty Shop', 'isPredicted': False}]"
92,5e4e475d1f96930001914b13,4.5,www.premier-podiatry.com,Premier Podiatry,//s3-eu-west-1.amazonaws.com/tpd/logos/5e4e475d1f96930001914b13/0x0.png,37,4.7,"{'address': '925 Clifton Ave Ste. 107,', 'city': 'Clifton', 'zipCode': '07013', 'country': 'United States'}",False,"{'website': 'https://www.premier-podiatry.com', 'email': 'info@premier-podiatry.com', 'phone': '(973) 315-5555'}","[{'categoryId': 'medical_clinic', 'displayName': 'Medical Clinic', 'isPredicted': False}, {'categoryId': 'podiatrist', 'displayName': 'Podiatrist', 'isPredicted': False}]"
93,6438563b746aa1e412016680,3.5,theweightlosscenter.com,The Weight Loss Center,//s3-eu-west-1.amazonaws.com/tpd/logos/6438563b746aa1e412016680/0x0.png,37,3.5,"{'address': None, 'city': 'orlando', 'zipCode': None, 'country': 'United States'}",True,"{'website': 'https://theweightlosscenter.com', 'email': 'ask@theweightlosscenter.com', 'phone': None}","[{'categoryId': 'obstetrics_gynecology_clinic', 'displayName': ""Women's Health Clinic"", 'isPredicted': False}, {'categoryId': 'weight_loss_service', 'displayName': 'Weight Loss Service', 'isPredicted': False}]"
94,606b2bb852e3180001cf98a9,4.5,www.anrclinic.com,ANR® Clinic - Advanced Opioid Treatment Center,//s3-eu-west-1.amazonaws.com/tpd/logos/606b2bb852e3180001cf98a9/0x0.png,36,4.6,"{'address': '2002 N Lois Ave Suite 175', 'city': 'Tampa', 'zipCode': '33607', 'country': 'United States'}",False,"{'website': 'https://anrclinic.com', 'email': None, 'phone': '(813) 750-0692'}","[{'categoryId': 'addiction_treatment_center', 'displayName': 'Addiction Treatment Center', 'isPredicted': False}, {'categoryId': 'specialized_clinic', 'displayName': 'Specialized Clinic', 'isPredicted': False}, {'categoryId': 'drug_addiction_treatment_center', 'displayName': 'Drug Addiction Treatment Center', 'isPredicted': False}, {'categoryId': 'rehabilitation_center', 'displayName': 'Rehabilitation Center', 'isPredicted': False}, {'categoryId': 'medical_clinic', 'displayName': 'Medical Clinic', 'isPredicted': False}, {'categoryId': 'medical_office', 'displayName': 'Medical Office', 'isPredicted': False}]"
95,61d2db2d667c52aadf4918bf,4.5,ebclinics.com,Elite Beauty Hair Transplant Clinics,//s3-eu-west-1.amazonaws.com/tpd/logos/61d2db2d667c52aadf4918bf/0x0.png,33,4.6,"{'address': '312 West 2nd St unit #A2839', 'city': 'Casper ', 'zipCode': '07078', 'country': 'United States'}",False,"{'website': 'http://ebclinics.com', 'email': 'social@ebclinics.com', 'phone': '(888) 903-6968'}","[{'categoryId': 'hair_transplantation_clinic', 'displayName': 'Hair Transplantation Clinic', 'isPredicted': False}, {'categoryId': 'specialized_clinic', 'displayName': 'Specialized Clinic', 'isPredicted': False}]"
96,6282e3aa50b77b903db6b87f,4.5,goldenfolkla.com,Golden Folk Wellness,//s3-eu-west-1.amazonaws.com/tpd/logos/6282e3aa50b77b903db6b87f/0x0.png,33,4.5,"{'address': '4900 York Blvd', 'city': 'Los Angeles', 'zipCode': '90042', 'country': 'United States'}",False,"{'website': 'http://www.goldenfolkla.com', 'email': 'info@goldenfolkla.com', 'phone': '(323) 314-4046'}","[{'categoryId': 'acupuncture_clinic', 'displayName': 'Acupuncture Clinic', 'isPredicted': False}]"
97,60831d3df64d2d000119922b,4.0,reimbursify.com,Reimbursify Practice Solutions,//s3-eu-west-1.amazonaws.com/tpd/logos/60831d3df64d2d000119922b/0x0.png,33,4.0,"{'address': None, 'city': None, 'zipCode': None, 'country': 'United States'}",False,"{'website': 'http://reimbursify.com', 'email': None, 'phone': None}","[{'categoryId': 'psychotherapist', 'displayName': 'Psychotherapist', 'isPredicted': False}, {'categoryId': 'mental_health_clinic', 'displayName': 'Mental Health Clinic', 'isPredicted': False}, {'categoryId': 'software_company', 'displayName': 'Software Company', 'isPredicted': False}, {'categoryId': 'alternative_medicine_practitioner', 'displayName': 'Alternative Medicine Practitioner', 'isPredicted': False}, {'categoryId': 'naturopathic_practitioner', 'displayName': 'Naturopathic Practitioner', 'isPredicted': False}, {'categoryId': 'psychologist', 'displayName': 'Psychologist', 'isPredicted': False}]"
98,5e5566a065fc2a000124866b,4.5,fastesaletter.com,Fast ESA Letter,//s3-eu-west-1.amazonaws.com/tpd/logos/5e5566a065fc2a000124866b/0x0.png,32,4.7,"{'address': '#1330, Suite 1, 8700 E University Dr.', 'city': 'Mesa', 'zipCode': '85207', 'country': 'United States'}",False,"{'website': 'http://fastesaletter.com/', 'email': 'info@fastesaletter.com', 'phone': '8888911186'}","[{'categoryId': 'mental_health_clinic', 'displayName': 'Mental Health Clinic', 'isPredicted': False}, {'categoryId': 'pharmacy', 'displayName': 'Pharmacy', 'isPredicted': False}, {'categoryId': 'mental_health_service', 'displayName': 'Mental Health Service', 'isPredicted': False}, {'categoryId': 'alternative_medicine_practitioner', 'displayName': 'Alternative Medicine Practitioner', 'isPredicted': False}]"
99,5d6a7816b55b650001ff995e,4.5,bookingmedtravel.com,Booking Med Travel,//s3-eu-west-1.amazonaws.com/tpd/logos/5d6a7816b55b650001ff995e/0x0.png,31,4.7,"{'address': '30 N Gould Street', 'city': 'Sheridan', 'zipCode': '82801', 'country': 'United States'}",False,"{'website': 'http://bookingmedtravel.com', 'email': 'info@bookingmedtravel.com', 'phone': '+1-307-202-99-05'}","[{'categoryId': 'travel_clinic', 'displayName': 'Travel Clinic', 'isPredicted': False}, {'categoryId': 'medical_clinic', 'displayName': 'Medical Clinic', 'isPredicted': False}]"
100,65adf2c261b1eb0cc55ec2f7,3.5,fmlamd.com,FMLA MD™,//s3-eu-west-1.amazonaws.com/tpd/logos/65adf2c261b1eb0cc55ec2f7/0x0.png,31,3.5,"{'address': '801 International Parkway, 5th Floor', 'city': 'Lake Mary', 'zipCode': '32746', 'country': 'United States'}",False,"{'website': 'http://fmlamd.com', 'email': 'care@fmlamd.com', 'phone': None}","[{'categoryId': 'medical_clinic', 'displayName': 'Medical Clinic', 'isPredicted': False}]"
101,5dea207c31cfbb0001403d48,4.5,eggdonors.asia,Sunshine Egg Donation and IVF Agency,,30,4.7,"{'address': None, 'city': None, 'zipCode': None, 'country': 'United States'}",False,"{'website': 'http://eggdonors.asia/', 'email': 'hello@eggdonors.asia', 'phone': '+1 213 423 0531'}","[{'categoryId': 'family_planning_counselor', 'displayName': 'Family Planning Counselor', 'isPredicted': False}, {'categoryId': 'fertility_clinic', 'displayName': 'Fertility Clinic', 'isPredicted': False}, {'categoryId': 'obstetrics_gynecology_clinic', 'displayName': ""Women's Health Clinic"", 'isPredicted': False}, {'categoryId': 'family_planning_center', 'displayName': 'Family Planning Center', 'isPredicted': False}]"
102,61389cbb5c312b001d940a86,4.5,indexclinic.com,Indexclinic,//s3-eu-west-1.amazonaws.com/tpd/logos/61389cbb5c312b001d940a86/0x0.png,30,4.5,"{'address': '1257 SW Martin Hwy,, # 1522', 'city': 'Palm City', 'zipCode': '34991', 'country': 'United States'}",False,"{'website': 'http://indexclinic.com', 'email': 'hello@indexclinic.com', 'phone': '(561) 677-2248'}","[{'categoryId': 'medical_clinic', 'displayName': 'Medical Clinic', 'isPredicted': False}, {'categoryId': 'holistic_medicine_practitioner', 'displayName': 'Holistic Medicine Practitioner', 'isPredicted': False}]"
103,65bcc2dd4dd14b75542b07a2,4.0,mailorder420.shop,Mailorder420,//s3-eu-west-1.amazonaws.com/tpd/logos/65bcc2dd4dd14b75542b07a2/0x0.png,30,4.1,"{'address': '11 Richard Brann Drive, Rio Vista, CA ', 'city': 'Rio Vista', 'zipCode': '94571', 'country': 'United States'}",False,"{'website': 'http://mailorder420.shop', 'email': 'admin@mailorder420.shop', 'phone': None}","[{'categoryId': 'medical_clinic', 'displayName': 'Medical Clinic', 'isPredicted': False}]"
104,65651180b5631c9f64a4625e,4.0,naturesremedycannabis.com,Natures Remedy Cannabis,//s3-eu-west-1.amazonaws.com/tpd/logos/65651180b5631c9f64a4625e/0x0.png,29,4.2,"{'address': '925 E Drayton St. ', 'city': 'Ferndale', 'zipCode': '48220', 'country': 'United States'}",True,"{'website': 'https://www.naturesremedycannabis.com/', 'email': 'contact@naturesremedycannabis.com', 'phone': '248-397-9797'}","[{'categoryId': 'alternative_medicine_practitioner', 'displayName': 'Alternative Medicine Practitioner', 'isPredicted': False}, {'categoryId': 'glass_shop', 'displayName': 'Glass Shop', 'isPredicted': False}, {'categoryId': 'cannabis_store', 'displayName': 'Cannabis store', 'isPredicted': False}, {'categoryId': 'holistic_medicine_practitioner', 'displayName': 'Holistic Medicine Practitioner', 'isPredicted': False}]"
105,5e5592f07170470001dc90e5,4.5,duralinesystems.com,Duraline Systems,//s3-eu-west-1.amazonaws.com/tpd/logos/5e5592f07170470001dc90e5/0x0.png,28,4.5,"{'address': '39 Western Highway', 'city': 'West Nyack', 'zipCode': '10994', 'country': 'United States'}",False,"{'website': 'http://duralinesystems.com', 'email': 'craig@duralinesystems.com', 'phone': '8775610500'}","[{'categoryId': 'medical_equipment_supplier', 'displayName': 'Medical Equipment Supplier', 'isPredicted': False}, {'categoryId': 'medical_clinic', 'displayName': 'Medical Clinic', 'isPredicted': False}]"
106,616004a17e6c19001d2e1baa,4.5,faceaestheticsturkey.co,Hasan Duygulu MD,//s3-eu-west-1.amazonaws.com/tpd/logos/616004a17e6c19001d2e1baa/0x0.png,27,4.5,"{'address': 'Harbiye mah. Mim kemal öke cad. No:6 D:3 Giriş kat', 'city': 'İstanbul ', 'zipCode': '34367', 'country': 'United States'}",False,"{'website': 'http://faceaestheticsturkey.co', 'email': 'drhasanduygulu@gmail.com', 'phone': '+90 530 956 25 87'}","[{'categoryId': 'otolaryngology_clinic', 'displayName': 'Otolaryngology Clinic', 'isPredicted': False}]"
107,6029ff0a94f60c0001102992,4.5,hecateholisticsus.com,Hecate Holistics,//s3-eu-west-1.amazonaws.com/tpd/logos/6029ff0a94f60c0001102992/0x0.png,26,4.7,"{'address': None, 'city': None, 'zipCode': None, 'country': 'United States'}",False,"{'website': 'https://hecateholistics.com', 'email': 'melody@hecateholistics.com', 'phone': None}","[{'categoryId': 'reiki_therapist', 'displayName': 'Reiki Therapist', 'isPredicted': False}, {'categoryId': 'alternative_medicine_practitioner', 'displayName': 'Alternative Medicine Practitioner', 'isPredicted': False}]"
108,643da9d16e11ee74b0505e41,4.5,naturalsolutionsphc.com,"Natural Solutions PHC, LLC",//s3-eu-west-1.amazonaws.com/tpd/logos/643da9d16e11ee74b0505e41/0x0.png,25,4.5,"{'address': '204 W Pope St', 'city': 'Sylvester', 'zipCode': '31791', 'country': 'United States'}",False,"{'website': 'http://naturalsolutionsphc.com', 'email': 'info@naturalsolutionsphc.com', 'phone': '(229) 777-7712'}","[{'categoryId': 'holistic_medicine_practitioner', 'displayName': 'Holistic Medicine Practitioner', 'isPredicted': False}, {'categoryId': 'naturopathic_practitioner', 'displayName': 'Naturopathic Practitioner', 'isPredicted': False}, {'categoryId': 'alternative_medicine_practitioner', 'displayName': 'Alternative Medicine Practitioner', 'isPredicted': False}]"
109,5efd9cf476bd770001ce3bb1,4.5,adonis-international.com,ADONIS - medical group of companies,//s3-eu-west-1.amazonaws.com/tpd/logos/5efd9cf476bd770001ce3bb1/0x0.png,24,4.6,"{'address': 'Dniprovska Embankment, 26k', 'city': 'Kyiv', 'zipCode': '02000', 'country': 'United States'}",False,"{'website': 'http://adonis-international.com', 'email': 'care@adonisgroup.com.ua', 'phone': None}","[{'categoryId': 'dental_clinic', 'displayName': 'Dental Clinic', 'isPredicted': False}, {'categoryId': 'medical_clinic', 'displayName': 'Medical Clinic', 'isPredicted': False}, {'categoryId': 'skin_care_clinic', 'displayName': 'Skin Care Clinic', 'isPredicted': False}, {'categoryId': 'fertility_clinic', 'displayName': 'Fertility Clinic', 'isPredicted': False}]"
110,64ecd3137a305bca55a2e77e,4.5,teamwellcore.com,Wellcore,//s3-eu-west-1.amazonaws.com/tpd/logos/64ecd3137a305bca55a2e77e/0x0.png,24,4.6,"{'address': '1321 Upland Drive, PMB 10664', 'city': 'Houston', 'zipCode': '77043', 'country': 'United States'}",False,"{'website': 'http://teamwellcore.com', 'email': 'support@teamwellcore.com', 'phone': '5122227853'}","[{'categoryId': 'health_consultant', 'displayName': 'Health Consultant', 'isPredicted': False}, {'categoryId': 'obstetrics_gynecology_clinic', 'displayName': ""Women's Health Clinic"", 'isPredicted': False}, {'categoryId': 'home_health_care_service', 'displayName': 'Home Health Care Service', 'isPredicted': False}]"
111,62a87356eafbd217a68fde9b,4.5,drindra.co.uk,Dr Indra Specialist Functional Medicine Practice,//s3-eu-west-1.amazonaws.com/tpd/logos/62a87356eafbd217a68fde9b/0x0.png,24,4.5,"{'address': None, 'city': None, 'zipCode': None, 'country': 'United States'}",False,"{'website': 'http://drindra.co.uk', 'email': None, 'phone': None}","[{'categoryId': 'holistic_medicine_practitioner', 'displayName': 'Holistic Medicine Practitioner', 'isPredicted': False}]"
112,64cad869f679b4fecdd7303c,4.5,schamanische-heilbegleitung.de,schamanische-heilbegleitung.de,//s3-eu-west-1.amazonaws.com/tpd/logos/64cad869f679b4fecdd7303c/0x0.png,21,4.6,"{'address': '501 GOODLETTE RD N SUITE D100', 'city': 'Naples ', 'zipCode': '34102', 'country': 'United States'}",False,"{'website': 'http://schamanische-heilbegleitung.de', 'email': 'info@schamanische-heilbegleitung.de', 'phone': '+4915153757939'}","[{'categoryId': 'alternative_medicine_practitioner', 'displayName': 'Alternative Medicine Practitioner', 'isPredicted': False}]"
113,6357acaa14aa6f9708fd2b1f,4.0,nestcollaborative.com,Nest Collaborative,//s3-eu-west-1.amazonaws.com/tpd/logos/6357acaa14aa6f9708fd2b1f/0x0.png,21,4.2,"{'address': None, 'city': None, 'zipCode': None, 'country': 'United States'}",False,"{'website': 'http://nestcollaborative.com', 'email': 'info@nestcollaborative.com', 'phone': None}","[{'categoryId': 'obstetrics_gynecology_clinic', 'displayName': ""Women's Health Clinic"", 'isPredicted': False}, {'categoryId': 'health_consultant', 'displayName': 'Health Consultant', 'isPredicted': False}]"
114,627947f6f3b2c4d08d1099b0,4.0,choosejoi.co,Joi Women's Wellness,//s3-eu-west-1.amazonaws.com/tpd/logos/627947f6f3b2c4d08d1099b0/0x0.png,21,4.1,"{'address': 'PO Box 6945', 'city': 'Denver', 'zipCode': '80206', 'country': 'United States'}",False,"{'website': 'http://choosejoi.co', 'email': 'katy@choosejoi.co', 'phone': '888.618.4844'}","[{'categoryId': 'obstetrics_gynecology_clinic', 'displayName': ""Women's Health Clinic"", 'isPredicted': False}]"
115,65f7d0dabdfe7f76776ff992,4.5,healthon.com,Healthon,//s3-eu-west-1.amazonaws.com/tpd/logos/65f7d0dabdfe7f76776ff992/0x0.png,19,4.6,"{'address': '100 SPECTRUM CENTER DR SUITE 900', 'city': 'IRVINE', 'zipCode': '92618', 'country': 'United States'}",False,"{'website': 'http://healthon.com', 'email': 'hello@healthoncom', 'phone': '949-668-7000'}","[{'categoryId': 'online_prescription_medication_vendor', 'displayName': 'Online Prescription Medication Vendor', 'isPredicted': False}, {'categoryId': 'medical_center', 'displayName': 'Medical Center', 'isPredicted': False}, {'categoryId': 'sports_medicine_clinic', 'displayName': 'Sports Medicine Clinic', 'isPredicted': False}, {'categoryId': 'wellness_program', 'displayName': 'Wellness Program', 'isPredicted': False}, {'categoryId': 'weight_loss_service', 'displayName': 'Weight Loss Service', 'isPredicted': False}, {'categoryId': 'alternative_medicine_practitioner', 'displayName': 'Alternative Medicine Practitioner', 'isPredicted': False}]"
116,63b05e5bbf10fdcd1ba4ec8d,3.5,telapsychiatry.com,Telapsychiatry,//s3-eu-west-1.amazonaws.com/tpd/logos/63b05e5bbf10fdcd1ba4ec8d/0x0.png,19,3.4,"{'address': '90 E Halsey Rd', 'city': 'Parsippany', 'zipCode': '07054', 'country': 'United States'}",False,"{'website': 'http://telapsychiatry.com', 'email': 'scheduling@telapsychiatry.com', 'phone': '8889035505'}","[{'categoryId': 'psychotherapist', 'displayName': 'Psychotherapist', 'isPredicted': False}, {'categoryId': 'mental_health_clinic', 'displayName': 'Mental Health Clinic', 'isPredicted': False}, {'categoryId': 'local_medical_services', 'displayName': 'Local Medical Service', 'isPredicted': False}, {'categoryId': 'psychiatrist', 'displayName': 'Psychiatrist', 'isPredicted': False}, {'categoryId': 'mental_health_service', 'displayName': 'Mental Health Service', 'isPredicted': False}, {'categoryId': 'medical_clinic', 'displayName': 'Medical Clinic', 'isPredicted': False}]"
117,61817481f5a705464fa3ed70,3.5,metrohealthnyc.com,Metro Healthcare Partners,//s3-eu-west-1.amazonaws.com/tpd/logos/61817481f5a705464fa3ed70/0x0.png,19,3.4,"{'address': '3500 Nostrand Avenue', 'city': 'Brooklyn', 'zipCode': '11229', 'country': 'United States'}",False,"{'website': 'http://metrohealthnyc.com', 'email': 'info@metrohealthnyc.com', 'phone': '(718) 710-4164'}","[{'categoryId': 'medical_group', 'displayName': 'Medical Group', 'isPredicted': False}, {'categoryId': 'medical_clinic', 'displayName': 'Medical Clinic', 'isPredicted': False}, {'categoryId': 'local_medical_services', 'displayName': 'Local Medical Service', 'isPredicted': False}, {'categoryId': 'medical_center', 'displayName': 'Medical Center', 'isPredicted': False}]"
118,624d2152442260ef2f51a4d5,4.5,innertransformationgroup.com,Inner Transformation Group,//s3-eu-west-1.amazonaws.com/tpd/logos/624d2152442260ef2f51a4d5/0x0.png,17,4.6,"{'address': '2831 SAINT ROSE PKWY, STE 200', 'city': 'HENDERSON', 'zipCode': '89052-4841', 'country': 'United States'}",False,"{'website': 'http://innertransformationgroup.com', 'email': 'christian@innertransformationteam.com', 'phone': None}","[{'categoryId': 'alternative_medicine_practitioner', 'displayName': 'Alternative Medicine Practitioner', 'isPredicted': False}]"
119,65eb2fac80b1026d570ab320,4.5,zignagenix.com,Zignagenix,//s3-eu-west-1.amazonaws.com/tpd/logos/65eb2fac80b1026d570ab320/0x0.png,15,4.5,"{'address': None, 'city': None, 'zipCode': None, 'country': 'United States'}",False,"{'website': 'http://zignagenix.com', 'email': None, 'phone': None}","[{'categoryId': 'fitness_and_nutrition_service', 'displayName': 'Fitness and Nutrition Service', 'isPredicted': False}, {'categoryId': 'alternative_medicine_practitioner', 'displayName': 'Alternative Medicine Practitioner', 'isPredicted': False}, {'categoryId': 'medical_clinic', 'displayName': 'Medical Clinic', 'isPredicted': False}, {'categoryId': 'medical_center', 'displayName': 'Medical Center', 'isPredicted': False}]"
120,65d4f9b0936a9445bd7aea72,4.0,joinpomegranate.com,Join Pomegranate,//s3-eu-west-1.amazonaws.com/tpd/logos/65d4f9b0936a9445bd7aea72/0x0.png,15,4.2,"{'address': '6501 Arlington Expressway B105 #2277', 'city': 'Jacksonville', 'zipCode': '32211', 'country': 'United States'}",False,"{'website': 'http://joinpomegranate.com', 'email': 'support@joinpomegranate.com', 'phone': '813-419-1189'}","[{'categoryId': 'obstetrics_gynecology_clinic', 'displayName': ""Women's Health Clinic"", 'isPredicted': False}, {'categoryId': 'weight_loss_service', 'displayName': 'Weight Loss Service', 'isPredicted': False}, {'categoryId': 'dermatologist', 'displayName': 'Dermatologist', 'isPredicted': False}, {'categoryId': 'medical_clinic', 'displayName': 'Medical Clinic', 'isPredicted': False}, {'categoryId': 'mental_health_clinic', 'displayName': 'Mental Health Clinic', 'isPredicted': False}, {'categoryId': 'fitness_and_nutrition_service', 'displayName': 'Fitness and Nutrition Service', 'isPredicted': False}]"
121,5f75137c253068000171f24a,4.5,clicktoclinic.com,clicktoclinic.com,//s3-eu-west-1.amazonaws.com/tpd/logos/5f75137c253068000171f24a/0x0.png,14,4.3,"{'address': '6941 Camino Pacheco', 'city': 'San Diego', 'zipCode': '92111', 'country': 'United States'}",False,"{'website': 'http://clicktoclinic.com', 'email': 'carloaldobonfante@gmail.com', 'phone': '6192476824'}","[{'categoryId': 'surgeon', 'displayName': 'Surgeon', 'isPredicted': False}, {'categoryId': 'travel_clinic', 'displayName': 'Travel Clinic', 'isPredicted': False}, {'categoryId': 'medical_clinic', 'displayName': 'Medical Clinic', 'isPredicted': False}]"
122,63769aa5bf1dbe84f3cd37c7,4.5,themvmtroom.com,The MVMT Room,//s3-eu-west-1.amazonaws.com/tpd/logos/63769aa5bf1dbe84f3cd37c7/0x0.png,13,4.5,"{'address': None, 'city': None, 'zipCode': None, 'country': 'United States'}",False,"{'website': 'http://themvmtroom.com', 'email': None, 'phone': None}","[{'categoryId': 'fitness_class', 'displayName': 'Fitness class', 'isPredicted': False}, {'categoryId': 'fitness_and_nutrition_service', 'displayName': 'Fitness and Nutrition Service', 'isPredicted': False}, {'categoryId': 'physiotherapy_center', 'displayName': 'Physical Therapy Clinic', 'isPredicted': False}]"
123,64c9042be5682b390fc44ecf,4.5,arthurdirectcare.com,Arthur Direct Care,//s3-eu-west-1.amazonaws.com/tpd/logos/64c9042be5682b390fc44ecf/0x0.png,13,4.5,"{'address': '1750 Round Rock Avenue, Suite 200', 'city': 'Round Rock ', 'zipCode': '78681', 'country': 'United States'}",False,"{'website': 'https://www.arthurdirectcare.com', 'email': 'Contact@arthurdirectcare.com', 'phone': '512-763-0457'}","[{'categoryId': 'family_practice_physician', 'displayName': 'Family Practice Physician', 'isPredicted': False}, {'categoryId': 'doctor', 'displayName': 'Doctor', 'isPredicted': False}, {'categoryId': 'weight_loss_service', 'displayName': 'Weight Loss Service', 'isPredicted': False}, {'categoryId': 'medical_clinic', 'displayName': 'Medical Clinic', 'isPredicted': False}, {'categoryId': 'general_practitioner', 'displayName': 'General Practitioner', 'isPredicted': False}]"
124,6358460bc5508bc6b4f3415c,4.5,bodysacredness.com,Bodysacredness,,13,4.5,"{'address': '59 Hearthstone Ave', 'city': 'Fords', 'zipCode': '08863', 'country': 'United States'}",False,"{'website': 'http://bodysacredness.com', 'email': 'omiyale@bodysacredness.com', 'phone': None}","[{'categoryId': 'holistic_medicine_practitioner', 'displayName': 'Holistic Medicine Practitioner', 'isPredicted': False}]"
125,65c3d76c09b17e8121bda2b1,4.5,trtpeak.com,Peak Performance Health & Wellness,,13,4.5,"{'address': '12189 7th Street Suite 12', 'city': 'Yucaipa', 'zipCode': '92399', 'country': 'United States'}",False,"{'website': 'http://trtpeak.com', 'email': 'nick@trtpeak.com', 'phone': '9094357019'}","[{'categoryId': 'wellness_center', 'displayName': 'Wellness Center', 'isPredicted': False}, {'categoryId': 'weight_loss_service', 'displayName': 'Weight Loss Service', 'isPredicted': False}, {'categoryId': 'blood_testing_service', 'displayName': 'Blood Testing Service', 'isPredicted': False}, {'categoryId': 'health_consultant', 'displayName': 'Health Consultant', 'isPredicted': False}, {'categoryId': 'obstetrics_gynecology_clinic', 'displayName': ""Women's Health Clinic"", 'isPredicted': False}, {'categoryId': 'sports_medicine_clinic', 'displayName': 'Sports Medicine Clinic', 'isPredicted': False}]"
126,6022e612f1069f000155809f,4.5,keto4x.com,Weight Loss Meal Plan - Keto4X™,//s3-eu-west-1.amazonaws.com/tpd/logos/6022e612f1069f000155809f/0x0.png,12,4.4,"{'address': None, 'city': None, 'zipCode': None, 'country': 'United States'}",False,"{'website': 'http://keto4x.com', 'email': None, 'phone': None}","[{'categoryId': 'obstetrics_gynecology_clinic', 'displayName': ""Women's Health Clinic"", 'isPredicted': False}, {'categoryId': 'health_consultant', 'displayName': 'Health Consultant', 'isPredicted': False}, {'categoryId': 'weight_loss_service', 'displayName': 'Weight Loss Service', 'isPredicted': False}]"
127,5ea2c8398a298b00018f0ac3,4.5,mercybakery.com,Mercy Bakery | HRD,//s3-eu-west-1.amazonaws.com/tpd/logos/5ea2c8398a298b00018f0ac3/0x0.png,12,4.3,"{'address': '41 Flatbush Ave 2F', 'city': 'Brooklyn', 'zipCode': '11217', 'country': 'United States'}",False,"{'website': 'https://hrdglobal.org/mercy-bakery-kitchen/', 'email': 'info@hrdglobal.org', 'phone': 'Office | 929-298-4534'}","[{'categoryId': 'food_bank', 'displayName': 'Food Bank', 'isPredicted': False}, {'categoryId': 'charity', 'displayName': 'Charity', 'isPredicted': False}, {'categoryId': 'food_manufacturer', 'displayName': 'Food Manufacturer', 'isPredicted': False}, {'categoryId': 'non_profit_organization', 'displayName': 'Non-Profit Organization', 'isPredicted': False}, {'categoryId': 'food_producer', 'displayName': 'Food Producer', 'isPredicted': False}, {'categoryId': 'free_clinic', 'displayName': 'Free Clinic', 'isPredicted': False}]"
128,63b5d823bf10fdcd1ba54877,4.5,hormonemd.com,HormoneMD,//s3-eu-west-1.amazonaws.com/tpd/logos/63b5d823bf10fdcd1ba54877/0x0.png,11,4.4,"{'address': None, 'city': None, 'zipCode': None, 'country': 'United States'}",False,"{'website': 'https://www.hormonemd.com/', 'email': 'support@hormonemd.com', 'phone': '+1(929) 282-4422'}","[{'categoryId': 'medical_clinic', 'displayName': 'Medical Clinic', 'isPredicted': False}, {'categoryId': 'alternative_medicine_practitioner', 'displayName': 'Alternative Medicine Practitioner', 'isPredicted': False}, {'categoryId': 'online_pharmacy', 'displayName': 'Online Pharmacy', 'isPredicted': False}, {'categoryId': 'medical_center', 'displayName': 'Medical Center', 'isPredicted': False}, {'categoryId': 'online_prescription_medication_vendor', 'displayName': 'Online Prescription Medication Vendor', 'isPredicted': False}, {'categoryId': 'holistic_medicine_practitioner', 'displayName': 'Holistic Medicine Practitioner', 'isPredicted': False}]"
129,63076833095895a1acc7dd81,4.5,lifestyleprescriptions.tv,Lifestyle Prescriptions® University,//s3-eu-west-1.amazonaws.com/tpd/logos/63076833095895a1acc7dd81/0x0.png,11,4.4,"{'address': '1740 Dell Range Blvd., Suite 181', 'city': 'Cheyenne', 'zipCode': '82009', 'country': 'United States'}",False,"{'website': 'http://lifestyleprescriptions.tv', 'email': 'support@lifestyleprescriptions.tv', 'phone': '+13109060366'}","[{'categoryId': 'holistic_medicine_practitioner', 'displayName': 'Holistic Medicine Practitioner', 'isPredicted': False}, {'categoryId': 'educational_institution', 'displayName': 'Educational Institution', 'isPredicted': False}, {'categoryId': 'health_consultant', 'displayName': 'Health Consultant', 'isPredicted': False}, {'categoryId': 'higher_secondary_school', 'displayName': 'Higher Secondary School', 'isPredicted': False}]"
130,630fa29cc02c770aa6fae45d,4.5,salvohealth.com,Salvo Health,//s3-eu-west-1.amazonaws.com/tpd/logos/630fa29cc02c770aa6fae45d/0x0.png,11,4.4,"{'address': '335 Madison Avenue ', 'city': 'New York', 'zipCode': '10017', 'country': 'United States'}",False,"{'website': 'http://salvohealth.com', 'email': 'support@salvohealth.com', 'phone': None}","[{'categoryId': 'gastroenterologist', 'displayName': 'Gastroenterologist', 'isPredicted': False}, {'categoryId': 'medical_clinic', 'displayName': 'Medical Clinic', 'isPredicted': False}, {'categoryId': 'doctor', 'displayName': 'Doctor', 'isPredicted': False}, {'categoryId': 'holistic_medicine_practitioner', 'displayName': 'Holistic Medicine Practitioner', 'isPredicted': False}, {'categoryId': 'specialized_clinic', 'displayName': 'Specialized Clinic', 'isPredicted': False}]"
131,6166e4de79e7f4001d2a9bfc,4.5,umedmi.com,"UmedMi, Inc.",//s3-eu-west-1.amazonaws.com/tpd/logos/6166e4de79e7f4001d2a9bfc/0x0.png,11,4.4,"{'address': '651 N Broad St. , Suite 206,  Middletown, New Castle, , ', 'city': 'Middletown', 'zipCode': '19709', 'country': 'United States'}",False,"{'website': 'https://www.umedmi.com/', 'email': 'Customer_satisfaction@umedmi.com', 'phone': '3024926966'}","[{'categoryId': 'health_consultant', 'displayName': 'Health Consultant', 'isPredicted': False}, {'categoryId': 'diagnostic_center', 'displayName': 'Diagnostic Center', 'isPredicted': False}, {'categoryId': 'free_clinic', 'displayName': 'Free Clinic', 'isPredicted': False}, {'categoryId': 'medical_group', 'displayName': 'Medical Group', 'isPredicted': False}, {'categoryId': 'online_prescription_medication_vendor', 'displayName': 'Online Prescription Medication Vendor', 'isPredicted': False}]"
132,64dce6a12ff3aad0cd20fe48,4.5,regenerize.me,Regenerize,//s3-eu-west-1.amazonaws.com/tpd/logos/64dce6a12ff3aad0cd20fe48/0x0.png,10,4.4,"{'address': '260 bonner mall way, 1016', 'city': 'Sandpoint', 'zipCode': '83864', 'country': 'United States'}",False,"{'website': 'http://regenerize.me', 'email': 'rio@regenerize.me', 'phone': '2096777747'}","[{'categoryId': 'psychiatrist', 'displayName': 'Psychiatrist', 'isPredicted': False}, {'categoryId': 'wellness_center', 'displayName': 'Wellness Center', 'isPredicted': False}, {'categoryId': 'medical_clinic', 'displayName': 'Medical Clinic', 'isPredicted': False}, {'categoryId': 'wellness_program', 'displayName': 'Wellness Program', 'isPredicted': False}, {'categoryId': 'weight_loss_service', 'displayName': 'Weight Loss Service', 'isPredicted': False}]"
133,659c0fd2ea69f5d326216e1b,4.5,prescriptions.today,Prescriptions Today,//s3-eu-west-1.amazonaws.com/tpd/logos/659c0fd2ea69f5d326216e1b/0x0.png,10,4.4,"{'address': '9169 W State St #701', 'city': 'Garden City', 'zipCode': '83714', 'country': 'United States'}",False,"{'website': 'http://prescriptions.today', 'email': 'support@prescriptions.today', 'phone': '2083149118'}","[{'categoryId': 'medical_clinic', 'displayName': 'Medical Clinic', 'isPredicted': False}]"
134,6239c1b988982b0e57977865,4.5,okidok.us,Okidok,//s3-eu-west-1.amazonaws.com/tpd/logos/6239c1b988982b0e57977865/0x0.png,10,4.3,"{'address': None, 'city': None, 'zipCode': None, 'country': 'United States'}",False,"{'website': 'http://okidok.us', 'email': None, 'phone': None}","[{'categoryId': 'obstetrics_gynecology_clinic', 'displayName': ""Women's Health Clinic"", 'isPredicted': False}]"
135,66717bf52e10cf57250df8bb,4.5,excusemed.com,ExcuseMed,//s3-eu-west-1.amazonaws.com/tpd/logos/66717bf52e10cf57250df8bb/0x0.png,10,4.3,"{'address': None, 'city': None, 'zipCode': None, 'country': 'United States'}",False,"{'website': 'http://excusemed.com', 'email': 'support@excusemed.com', 'phone': '8774602449'}","[{'categoryId': 'urgent_care_center', 'displayName': 'Urgent Care Center', 'isPredicted': False}, {'categoryId': 'medical_certificate_service', 'displayName': 'Medical Certificate Service', 'isPredicted': False}, {'categoryId': 'occupational_health_service', 'displayName': 'Occupational Health Service', 'isPredicted': False}, {'categoryId': 'doctor', 'displayName': 'Doctor', 'isPredicted': False}, {'categoryId': 'medical_clinic', 'displayName': 'Medical Clinic', 'isPredicted': False}]"
136,6553cac526c5fa82ebb51ed4,4.0,femgevityhealth.com,FemGevity Health,//s3-eu-west-1.amazonaws.com/tpd/logos/6553cac526c5fa82ebb51ed4/0x0.png,10,4.2,"{'address': '850 New Burton Road', 'city': 'Dover', 'zipCode': '19904', 'country': 'United States'}",False,"{'website': 'http://femgevityhealth.com', 'email': 'michele@femgevityhealth.com', 'phone': '212-301-7776'}","[{'categoryId': 'specialized_clinic', 'displayName': 'Specialized Clinic', 'isPredicted': False}, {'categoryId': 'health_consultant', 'displayName': 'Health Consultant', 'isPredicted': False}, {'categoryId': 'medical_group', 'displayName': 'Medical Group', 'isPredicted': False}, {'categoryId': 'obstetrics_gynecology_clinic', 'displayName': ""Women's Health Clinic"", 'isPredicted': False}]"
137,6271e3e771558c5428edbe02,3.0,sunnysidedispensaryshop.com,Sunny side Dispensary ,//s3-eu-west-1.amazonaws.com/tpd/logos/6271e3e771558c5428edbe02/0x0.png,10,3.0,"{'address': '848 Brickell Ave, Miami, FL 33131, United State', 'city': 'Miami', 'zipCode': '33131', 'country': 'United States'}",False,"{'website': 'http://sunnysidedispensaryshop.com', 'email': 'info@sunnysidedispensaryshop.com', 'phone': '5304366423 /5184601745'}","[{'categoryId': 'medical_center', 'displayName': 'Medical Center', 'isPredicted': False}, {'categoryId': 'medical_clinic', 'displayName': 'Medical Clinic', 'isPredicted': False}, {'categoryId': 'toner_cartridge_supplier', 'displayName': 'Toner Cartridge Supplier', 'isPredicted': False}, {'categoryId': 'cannabis_store', 'displayName': 'Cannabis store', 'isPredicted': False}, {'categoryId': 'vaporizer_store', 'displayName': 'Vaporizer Store', 'isPredicted': False}]"
138,62daf321a11bc79a05b093ef,4.0,rinowave.com,RinoWave,//s3-eu-west-1.amazonaws.com/tpd/logos/62daf321a11bc79a05b093ef/0x0.png,9,4.0,"{'address': None, 'city': None, 'zipCode': None, 'country': 'United States'}",False,"{'website': 'http://rinowave.com', 'email': None, 'phone': '480-571-7171'}","[{'categoryId': 'medical_lab', 'displayName': 'Medical Laboratory', 'isPredicted': False}, {'categoryId': 'doctor', 'displayName': 'Doctor', 'isPredicted': False}, {'categoryId': 'medical_clinic', 'displayName': 'Medical Clinic', 'isPredicted': False}, {'categoryId': 'specialized_clinic', 'displayName': 'Specialized Clinic', 'isPredicted': False}, {'categoryId': 'reproductive_health_clinic', 'displayName': 'Reproductive Health Clinic', 'isPredicted': False}, {'categoryId': 'medical_office', 'displayName': 'Medical Office', 'isPredicted': False}]"
139,62c5f7f4a8dbfaba272970ec,3.0,scripx.com,Scripx Pharmacy,//s3-eu-west-1.amazonaws.com/tpd/logos/62c5f7f4a8dbfaba272970ec/0x0.png,9,3.0,"{'address': '601 E. FM 544', 'city': 'Murphy', 'zipCode': '75094', 'country': 'United States'}",False,"{'website': 'http://scripx.com', 'email': 'hello@scripx.com', 'phone': '469-596-0341'}","[{'categoryId': 'online_pharmacy', 'displayName': 'Online Pharmacy', 'isPredicted': False}, {'categoryId': 'pharmacy', 'displayName': 'Pharmacy', 'isPredicted': False}, {'categoryId': 'mental_health_service', 'displayName': 'Mental Health Service', 'isPredicted': False}, {'categoryId': 'obstetrics_gynecology_clinic', 'displayName': ""Women's Health Clinic"", 'isPredicted': False}, {'categoryId': 'hiv_testing_center', 'displayName': 'HIV Testing Center', 'isPredicted': False}, {'categoryId': 'urgent_care_center', 'displayName': 'Urgent Care Center', 'isPredicted': False}]"
140,629103e99683d9eed196ec0e,4.5,vitamu.com,Vitamu,//s3-eu-west-1.amazonaws.com/tpd/logos/629103e99683d9eed196ec0e/0x0.png,8,4.3,"{'address': '33 Irving PI', 'city': 'New York', 'zipCode': '10003', 'country': 'United States'}",False,"{'website': 'http://vitamu.com', 'email': 'hello@vitamu.com', 'phone': None}","[{'categoryId': 'obstetrics_gynecology_clinic', 'displayName': ""Women's Health Clinic"", 'isPredicted': False}]"
141,56dc814c0000ff000589d7bb,4.5,reikidome.com,Reiki Dome,//s3-eu-west-1.amazonaws.com/tpd/logos/56dc814c0000ff000589d7bb/0x0.png,8,4.3,"{'address': '9 Lake Bellevue Dr Suite 217', 'city': 'Bellevue', 'zipCode': '98005', 'country': 'United States'}",False,"{'website': 'https://reikidome.com', 'email': 'alex@reikidome.com', 'phone': '425-417-2066'}","[{'categoryId': 'alternative_medicine_practitioner', 'displayName': 'Alternative Medicine Practitioner', 'isPredicted': False}, {'categoryId': 'reiki_therapist', 'displayName': 'Reiki Therapist', 'isPredicted': False}, {'categoryId': 'health_consultant', 'displayName': 'Health Consultant', 'isPredicted': False}, {'categoryId': 'psychic', 'displayName': 'Psychic', 'isPredicted': False}, {'categoryId': 'life_coach', 'displayName': 'Life Coach', 'isPredicted': False}, {'categoryId': 'holistic_medicine_practitioner', 'displayName': 'Holistic Medicine Practitioner', 'isPredicted': False}]"
142,6499d945797c474e7391b9b8,4.5,livesymptomfree.com,Optimize Your Health ,//s3-eu-west-1.amazonaws.com/tpd/logos/6499d945797c474e7391b9b8/0x0.png,8,4.3,"{'address': '3235 heritage trail blvd ', 'city': 'Denton', 'zipCode': '76201', 'country': 'United States'}",False,"{'website': 'http://livesymptomfree.com', 'email': 'jordan@livesymptomfree.com', 'phone': '9728217007'}","[{'categoryId': 'wellness_program', 'displayName': 'Wellness Program', 'isPredicted': False}, {'categoryId': 'holistic_medicine_practitioner', 'displayName': 'Holistic Medicine Practitioner', 'isPredicted': False}, {'categoryId': 'health_consultant', 'displayName': 'Health Consultant', 'isPredicted': False}]"
143,6262e137348818956ab921d7,4.5,nile.ai,Nile AI,//s3-eu-west-1.amazonaws.com/tpd/logos/6262e137348818956ab921d7/0x0.png,8,4.3,"{'address': '15260 Ventura Blvd, Suite 1410', 'city': 'Sherman Oaks', 'zipCode': '91403', 'country': 'United States'}",False,"{'website': 'http://nile.ai', 'email': 'practice@nilenext.com', 'phone': '818-456-0554'}","[{'categoryId': 'neurologist', 'displayName': 'Neurologist', 'isPredicted': False}, {'categoryId': 'mental_health_clinic', 'displayName': 'Mental Health Clinic', 'isPredicted': False}, {'categoryId': 'specialized_clinic', 'displayName': 'Specialized Clinic', 'isPredicted': False}]"
144,604fab7fbfd76d0001810d42,4.5,nutritionalartistry.com,Nutritionalartistry,//s3-eu-west-1.amazonaws.com/tpd/logos/604fab7fbfd76d0001810d42/0x0.png,8,4.3,"{'address': None, 'city': None, 'zipCode': None, 'country': 'United States'}",False,"{'website': 'http://nutritionalartistry.com', 'email': None, 'phone': None}","[{'categoryId': 'alternative_medicine_practitioner', 'displayName': 'Alternative Medicine Practitioner', 'isPredicted': False}, {'categoryId': 'nutritionist', 'displayName': 'Nutritionist', 'isPredicted': False}, {'categoryId': 'weight_loss_service', 'displayName': 'Weight Loss Service', 'isPredicted': False}, {'categoryId': 'fitness_and_nutrition_service', 'displayName': 'Fitness and Nutrition Service', 'isPredicted': False}, {'categoryId': 'holistic_medicine_practitioner', 'displayName': 'Holistic Medicine Practitioner', 'isPredicted': False}]"
145,62e8e3b0864cf2b2acdb4e36,4.0,thehealthadvantage.co.uk,The Health Advantage,//s3-eu-west-1.amazonaws.com/tpd/logos/62e8e3b0864cf2b2acdb4e36/0x0.png,8,4.0,"{'address': None, 'city': None, 'zipCode': None, 'country': 'United States'}",False,"{'website': 'http://thehealthadvantage.co.uk', 'email': None, 'phone': None}","[{'categoryId': 'specialized_clinic', 'displayName': 'Specialized Clinic', 'isPredicted': False}]"
146,6089a1344453420001e7badb,3.5,epharmainc.com,epharmainc.com,,8,3.7,"{'address': None, 'city': None, 'zipCode': None, 'country': 'United States'}",False,"{'website': 'http://epharmainc.com', 'email': None, 'phone': None}","[{'categoryId': 'alternative_medicine_practitioner', 'displayName': 'Alternative Medicine Practitioner', 'isPredicted': False}]"
147,63af2cac78e2d39eccf2c617,3.0,femexcelle.com,Femexcelle,//s3-eu-west-1.amazonaws.com/tpd/logos/63af2cac78e2d39eccf2c617/0x0.png,8,3.0,"{'address': '809 Westmere Ave, Suite A', 'city': 'Charlotte', 'zipCode': '28208', 'country': 'United States'}",False,"{'website': 'http://femexcelle.com', 'email': 'support@maleexcel.com', 'phone': '+1-833-625-3392'}","[{'categoryId': 'online_prescription_medication_vendor', 'displayName': 'Online Prescription Medication Vendor', 'isPredicted': False}, {'categoryId': 'online_pharmacy', 'displayName': 'Online Pharmacy', 'isPredicted': False}, {'categoryId': 'medical_clinic', 'displayName': 'Medical Clinic', 'isPredicted': False}]"
148,65203988e7656131fde6c0d1,4.5,wellnessredefined.org,Wellness Redefined,//s3-eu-west-1.amazonaws.com/tpd/logos/65203988e7656131fde6c0d1/0x0.png,7,4.3,"{'address': '6608 N Western Ave 3087', 'city': 'Oklahoma City', 'zipCode': '73116', 'country': 'United States'}",False,"{'website': 'http://wellnessredefined.org', 'email': 'team@wellnessredefined.org', 'phone': '(405) 777-2739'}","[{'categoryId': 'health_consultant', 'displayName': 'Health Consultant', 'isPredicted': False}, {'categoryId': 'occupational_health_service', 'displayName': 'Occupational Health Service', 'isPredicted': False}, {'categoryId': 'medical_clinic', 'displayName': 'Medical Clinic', 'isPredicted': False}]"
149,6627a5dea21a8d427174baf6,4.5,precisiontelemed.com,Precision Telemed,//s3-eu-west-1.amazonaws.com/tpd/logos/6627a5dea21a8d427174baf6/0x0.png,7,4.3,"{'address': '202 S Parker St', 'city': 'Tampa', 'zipCode': '33606-2308', 'country': 'United States'}",False,"{'website': 'http://precisiontelemed.com', 'email': None, 'phone': None}","[{'categoryId': 'medical_clinic', 'displayName': 'Medical Clinic', 'isPredicted': False}]"
150,65dfdc5537f01ebe369e59f7,4.0,rebelhealthalliance.io,Rebel Health Alliance,//s3-eu-west-1.amazonaws.com/tpd/logos/65dfdc5537f01ebe369e59f7/0x0.png,7,4.0,"{'address': '1357 Hamilton St NW', 'city': 'Washington', 'zipCode': '20011', 'country': 'United States'}",False,"{'website': 'http://rebelhealthalliance.io', 'email': 'jack@rebelhealthalliance.io', 'phone': '\u202a(202) 539-7255\u202c'}","[{'categoryId': 'medical_clinic', 'displayName': 'Medical Clinic', 'isPredicted': False}]"
151,614b2379f1d342001d8c2f00,4.0,releafmedical.com,Releaf Medical Marijuana Doctor,//s3-eu-west-1.amazonaws.com/tpd/logos/614b2379f1d342001d8c2f00/0x0.png,7,3.8,"{'address': '1877 Woolbright Road', 'city': 'Boynton Beach', 'zipCode': '33426', 'country': 'United States'}",False,"{'website': 'http://releafmedical.com', 'email': 'Info@ReleafMedical.com', 'phone': '561-778-5323'}","[{'categoryId': 'alternative_medicine_practitioner', 'displayName': 'Alternative Medicine Practitioner', 'isPredicted': False}, {'categoryId': 'cannabis_store', 'displayName': 'Cannabis store', 'isPredicted': False}, {'categoryId': 'medical_clinic', 'displayName': 'Medical Clinic', 'isPredicted': False}]"
152,5dce7c5f5998340001f6a7aa,3.0,recentchemicals.com,Recent Chemicals,,7,2.9,"{'address': None, 'city': None, 'zipCode': None, 'country': 'United States'}",False,"{'website': 'http://recentchemicals.com', 'email': None, 'phone': None}","[{'categoryId': 'drugstore', 'displayName': 'Drug Store', 'isPredicted': False}, {'categoryId': 'alternative_medicine_practitioner', 'displayName': 'Alternative Medicine Practitioner', 'isPredicted': False}, {'categoryId': 'drug_addiction_treatment_center', 'displayName': 'Drug Addiction Treatment Center', 'isPredicted': False}, {'categoryId': 'home_health_care_service', 'displayName': 'Home Health Care Service', 'isPredicted': False}, {'categoryId': 'doctor', 'displayName': 'Doctor', 'isPredicted': False}]"
153,65f017b87bf946c4d53c3b83,4.0,tantricmassagevegas.com,Tantra By Jax,//s3-eu-west-1.amazonaws.com/tpd/logos/65f017b87bf946c4d53c3b83/0x0.png,6,4.2,"{'address': 'Jones & Oakey Blvd', 'city': 'Las Vegas', 'zipCode': '89146', 'country': 'United States'}",False,"{'website': 'http://tantrabyjax.com', 'email': 'Jax@tantrabyjax.com', 'phone': '702-623-9953'}","[{'categoryId': 'alternative_medicine_practitioner', 'displayName': 'Alternative Medicine Practitioner', 'isPredicted': False}]"
154,65f75db183c045fd41e8e05b,4.0,symliphy.com,Symliphy,//s3-eu-west-1.amazonaws.com/tpd/logos/65f75db183c045fd41e8e05b/0x0.png,6,4.2,"{'address': 'PO Box 561', 'city': 'Mason ', 'zipCode': '45040', 'country': 'United States'}",False,"{'website': 'http://symliphy.com', 'email': 'Support@symliphy.com', 'phone': None}","[{'categoryId': 'home_health_care_service', 'displayName': 'Home Health Care Service', 'isPredicted': False}, {'categoryId': 'weight_loss_service', 'displayName': 'Weight Loss Service', 'isPredicted': False}, {'categoryId': 'online_prescription_medication_vendor', 'displayName': 'Online Prescription Medication Vendor', 'isPredicted': False}, {'categoryId': 'medical_clinic', 'displayName': 'Medical Clinic', 'isPredicted': False}, {'categoryId': 'doctor', 'displayName': 'Doctor', 'isPredicted': False}]"
155,66281c87f9e7d59e03684a41,4.0,omegawellness.life,Omegawellness,//s3-eu-west-1.amazonaws.com/tpd/logos/66281c87f9e7d59e03684a41/0x0.png,6,4.1,"{'address': None, 'city': None, 'zipCode': None, 'country': 'United States'}",False,"{'website': 'http://omegawellness.life', 'email': None, 'phone': None}","[{'categoryId': 'psychic', 'displayName': 'Psychic', 'isPredicted': False}, {'categoryId': 'life_coach', 'displayName': 'Life Coach', 'isPredicted': False}, {'categoryId': 'alternative_medicine_practitioner', 'displayName': 'Alternative Medicine Practitioner', 'isPredicted': False}]"
156,61692825e3b2c0001d75efe8,4.0,corespirit.com,Core Spirit,//s3-eu-west-1.amazonaws.com/tpd/logos/61692825e3b2c0001d75efe8/0x0.png,6,4.0,"{'address': None, 'city': None, 'zipCode': None, 'country': 'United States'}",False,"{'website': 'http://corespirit.com', 'email': 'admin@corespirit.com', 'phone': None}","[{'categoryId': 'health_consultant', 'displayName': 'Health Consultant', 'isPredicted': False}, {'categoryId': 'alternative_medicine_practitioner', 'displayName': 'Alternative Medicine Practitioner', 'isPredicted': False}, {'categoryId': 'wellness_program', 'displayName': 'Wellness Program', 'isPredicted': False}]"
157,656bfde067b23c69bc89613f,4.0,andresserrano.co,Andres Serrano Medicina Antiedad,//s3-eu-west-1.amazonaws.com/tpd/logos/656bfde067b23c69bc89613f/0x0.png,6,3.8,"{'address': None, 'city': None, 'zipCode': None, 'country': 'United States'}",False,"{'website': 'http://www.andresserrano.co/', 'email': None, 'phone': None}","[{'categoryId': 'doctor', 'displayName': 'Doctor', 'isPredicted': False}, {'categoryId': 'medical_clinic', 'displayName': 'Medical Clinic', 'isPredicted': False}]"
158,61b659889b1c042cd38cffd7,4.0,reikiflo.co,reikiflo,//s3-eu-west-1.amazonaws.com/tpd/logos/61b659889b1c042cd38cffd7/0x0.png,5,4.1,"{'address': None, 'city': None, 'zipCode': None, 'country': 'United States'}",False,"{'website': 'http://reikiflo.co', 'email': 'hello@reikiflo.co', 'phone': None}","[{'categoryId': 'holistic_medicine_practitioner', 'displayName': 'Holistic Medicine Practitioner', 'isPredicted': False}]"
159,66351bd9f21532dc673e2844,4.0,testdepot.com,TestDepot,//s3-eu-west-1.amazonaws.com/tpd/logos/66351bd9f21532dc673e2844/0x0.png,5,4.1,"{'address': '12751 S. Cleveland Ave. Suite 102', 'city': 'Fort Myers', 'zipCode': '33907', 'country': 'United States'}",False,"{'website': 'https://testdepot.com', 'email': 'support@testdepot.com', 'phone': None}","[{'categoryId': 'medical_clinic', 'displayName': 'Medical Clinic', 'isPredicted': False}, {'categoryId': 'online_prescription_medication_vendor', 'displayName': 'Online Prescription Medication Vendor', 'isPredicted': False}, {'categoryId': 'specialized_clinic', 'displayName': 'Specialized Clinic', 'isPredicted': False}, {'categoryId': 'sports_medicine_clinic', 'displayName': 'Sports Medicine Clinic', 'isPredicted': False}, {'categoryId': 'home_health_care_service', 'displayName': 'Home Health Care Service', 'isPredicted': False}, {'categoryId': 'health_consultant', 'displayName': 'Health Consultant', 'isPredicted': False}]"
160,646fa61fce3cb7e5480194a1,4.0,www.cannasomms.com,Cannasomms,//s3-eu-west-1.amazonaws.com/tpd/logos/646fa61fce3cb7e5480194a1/0x0.png,5,4.1,"{'address': None, 'city': None, 'zipCode': None, 'country': 'United States'}",False,"{'website': 'http://www.cannasomms.com', 'email': None, 'phone': None}","[{'categoryId': 'alternative_medicine_practitioner', 'displayName': 'Alternative Medicine Practitioner', 'isPredicted': False}]"
161,6413d9e83f2cd3e95e663cc3,4.0,careanywheretelemedicine.com,Care Anywhere Telemedicine,//s3-eu-west-1.amazonaws.com/tpd/logos/6413d9e83f2cd3e95e663cc3/0x0.png,5,4.1,"{'address': '6834 Cantrell Rd., Ste 1855', 'city': 'Little Rock', 'zipCode': '72207', 'country': 'United States'}",False,"{'website': 'http://careanywheretelemedicine.com', 'email': 'info@careanywheretelemedicine.com', 'phone': '(501) 500-4889'}","[{'categoryId': 'medical_clinic', 'displayName': 'Medical Clinic', 'isPredicted': False}]"
162,5d8a01991de2e800016df68d,4.0,cityacu.net,City Acupuncture Fulton Street,//s3-eu-west-1.amazonaws.com/tpd/logos/5d8a01991de2e800016df68d/0x0.png,5,4.1,"{'address': 'Fulton Street 139', 'city': 'New York', 'zipCode': '10038', 'country': 'United States'}",False,"{'website': 'https://www.cityacu.net', 'email': 'cityacunyc@gmail.com', 'phone': '(212)513-0437'}","[{'categoryId': 'acupuncture_clinic', 'displayName': 'Acupuncture Clinic', 'isPredicted': False}]"
163,64d157da468f23dea1319c42,4.0,livvnatural.com,LIVV Natural,//s3-eu-west-1.amazonaws.com/tpd/logos/64d157da468f23dea1319c42/0x0.png,4,4.0,"{'address': '800 W Ivy St, Suite A', 'city': 'SAN DIEGO', 'zipCode': '92101', 'country': 'United States'}",False,"{'website': 'http://livvnatural.com', 'email': 'products@livvnatural.com', 'phone': None}","[{'categoryId': 'medical_spa', 'displayName': 'Medical Spa', 'isPredicted': False}, {'categoryId': 'alternative_medicine_practitioner', 'displayName': 'Alternative Medicine Practitioner', 'isPredicted': False}, {'categoryId': 'medical_clinic', 'displayName': 'Medical Clinic', 'isPredicted': False}, {'categoryId': 'holistic_medicine_practitioner', 'displayName': 'Holistic Medicine Practitioner', 'isPredicted': False}, {'categoryId': 'vitamin_and_supplements_store', 'displayName': 'Vitamin and Supplements Store', 'isPredicted': False}]"
164,5dc2eb60616280000168bac2,4.0,painmanagementnyc.com,Pain Management NYC,//s3-eu-west-1.amazonaws.com/tpd/logos/5dc2eb60616280000168bac2/0x0.png,4,4.0,"{'address': '240 E 23rd St', 'city': 'New York', 'zipCode': '10010', 'country': 'United States'}",False,"{'website': 'https://www.painmanagementnyc.com', 'email': 'info@painmanagementnyc.com', 'phone': '(212) 224-9555'}","[{'categoryId': 'medical_clinic', 'displayName': 'Medical Clinic', 'isPredicted': False}, {'categoryId': 'pain_management_physician', 'displayName': 'Pain Management Physician', 'isPredicted': False}, {'categoryId': 'pain_control_clinic', 'displayName': 'Pain Control Clinic', 'isPredicted': False}]"
165,62dd975843cebd8294647ef4,4.0,holisticdrbeata.com,Dr. Beata Harasim,//s3-eu-west-1.amazonaws.com/tpd/logos/62dd975843cebd8294647ef4/0x0.png,4,4.0,"{'address': '304 Main St', 'city': 'Farmington', 'zipCode': '06032', 'country': 'United States'}",False,"{'website': 'http://www.holisticdrbeata.com', 'email': 'Beata@HolisticDrBeata.com', 'phone': '8602667745'}","[{'categoryId': 'physiotherapist', 'displayName': 'Physical Therapist', 'isPredicted': False}, {'categoryId': 'holistic_medicine_practitioner', 'displayName': 'Holistic Medicine Practitioner', 'isPredicted': False}, {'categoryId': 'wellness_program', 'displayName': 'Wellness Program', 'isPredicted': False}, {'categoryId': 'doctor', 'displayName': 'Doctor', 'isPredicted': False}]"
166,64060756da3f50147669f4af,4.0,discoverhealth.online,DiscoverHealth,//s3-eu-west-1.amazonaws.com/tpd/logos/64060756da3f50147669f4af/0x0.png,4,4.0,"{'address': '9675 4th St N.', 'city': 'St. Petersburg', 'zipCode': '33702', 'country': 'United States'}",False,"{'website': 'http://discoverhealth.online', 'email': 'discoverhealth@precision-healthsolutions.com', 'phone': '727-235-0886'}","[{'categoryId': 'std_clinic', 'displayName': 'STD Clinic', 'isPredicted': False}, {'categoryId': 'std_testing_service', 'displayName': 'STD Testing Service', 'isPredicted': False}]"
167,62f355fb45c547ff589a3506,4.0,dreamcloud.co,DreamCloud Psychiatry,,4,4.0,"{'address': None, 'city': None, 'zipCode': None, 'country': 'United States'}",False,"{'website': 'http://dreamcloud.co', 'email': None, 'phone': None}","[{'categoryId': 'medical_office', 'displayName': 'Medical Office', 'isPredicted': False}, {'categoryId': 'psychiatrist', 'displayName': 'Psychiatrist', 'isPredicted': False}, {'categoryId': 'mental_health_clinic', 'displayName': 'Mental Health Clinic', 'isPredicted': False}, {'categoryId': 'mental_health_service', 'displayName': 'Mental Health Service', 'isPredicted': False}, {'categoryId': 'doctor', 'displayName': 'Doctor', 'isPredicted': False}, {'categoryId': 'medical_clinic', 'displayName': 'Medical Clinic', 'isPredicted': False}]"
168,61a0dfa9f7cc648adb594b12,4.0,drrobinsallee.com,Drrobinsallee,//s3-eu-west-1.amazonaws.com/tpd/logos/61a0dfa9f7cc648adb594b12/0x0.png,4,4.0,"{'address': '457 Paul Revere Ct', 'city': 'chicago', 'zipCode': '60602', 'country': 'United States'}",False,"{'website': 'http://drrobinsallee.com', 'email': 'support@drrobinsallee.com', 'phone': None}","[{'categoryId': 'medical_clinic', 'displayName': 'Medical Clinic', 'isPredicted': False}]"
169,6631d37bb78feb51ae621f2a,4.0,mymedrefills.com,"MY MED REFILLS, LLC",//s3-eu-west-1.amazonaws.com/tpd/logos/6631d37bb78feb51ae621f2a/0x0.png,4,4.0,"{'address': '100 North Howard St Suite R', 'city': 'Spokane', 'zipCode': '99201', 'country': 'United States'}",False,"{'website': 'http://mymedrefills.com', 'email': 'contact@mymedrefills.com', 'phone': '888-457-1844'}","[{'categoryId': 'medical_clinic', 'displayName': 'Medical Clinic', 'isPredicted': False}]"
170,66198348f1d23d8056e5ef88,4.0,beyondmd.com,beyondMD,//s3-eu-west-1.amazonaws.com/tpd/logos/66198348f1d23d8056e5ef88/0x0.png,4,4.0,"{'address': '811 E Kent Rd. ', 'city': 'Greenville', 'zipCode': '48838', 'country': 'United States'}",False,"{'website': 'http://beyondmd.com', 'email': 'customerservice@beyondmd.com', 'phone': '1-800-268-7713'}","[{'categoryId': 'medical_clinic', 'displayName': 'Medical Clinic', 'isPredicted': False}, {'categoryId': 'wellness_program', 'displayName': 'Wellness Program', 'isPredicted': False}, {'categoryId': 'weight_loss_service', 'displayName': 'Weight Loss Service', 'isPredicted': False}]"
171,664730de67f971b2adf96ecc,3.5,globalayucare.in,globalayucare.in,//s3-eu-west-1.amazonaws.com/tpd/logos/664730de67f971b2adf96ecc/0x0.png,4,3.6,"{'address': None, 'city': None, 'zipCode': None, 'country': 'United States'}",False,"{'website': 'http://globalayucare.in', 'email': None, 'phone': None}","[{'categoryId': 'alternative_medicine_practitioner', 'displayName': 'Alternative Medicine Practitioner', 'isPredicted': False}, {'categoryId': 'herbal_medicine_store', 'displayName': 'Herbal Medicine Store', 'isPredicted': False}, {'categoryId': 'obstetrics_gynecology_clinic', 'displayName': ""Women's Health Clinic"", 'isPredicted': False}]"
172,651b4aa418c02ea3ff830694,3.5,greenpassmed.com,greenpass,//s3-eu-west-1.amazonaws.com/tpd/logos/651b4aa418c02ea3ff830694/0x0.png,4,3.5,"{'address': '19646 BATTERSEA BLVD', 'city': 'ROCKY RIVER', 'zipCode': '44116', 'country': 'United States'}",False,"{'website': 'http://greenpassmed.com', 'email': 'info@greenpassmed.com', 'phone': None}","[{'categoryId': 'alternative_medicine_practitioner', 'displayName': 'Alternative Medicine Practitioner', 'isPredicted': False}]"
173,5faa96cc1c9cd80001f307ee,3.5,urgentway.com,UrgentWay Bronx,//s3-eu-west-1.amazonaws.com/tpd/logos/5faa96cc1c9cd80001f307ee/0x0.png,4,3.5,"{'address': '2826 Westchester Avenue, Bronx, NY 10461', 'city': 'Bronx', 'zipCode': '10461', 'country': 'United States'}",False,"{'website': 'http://urgentway.com', 'email': 'info@urgentway.com', 'phone': '(347) 934-9045'}","[{'categoryId': 'walk_in_clinic', 'displayName': 'Walk-In Clinic', 'isPredicted': False}]"
174,6186df2654649635925bf046,4.0,rifatrasier.com,Prof. Dr. Rifat Rasier,,3,4.0,"{'address': None, 'city': None, 'zipCode': None, 'country': 'United States'}",False,"{'website': 'http://rifatrasier.com', 'email': None, 'phone': None}","[{'categoryId': 'ophthalmologist', 'displayName': 'Ophthalmologist', 'isPredicted': False}, {'categoryId': 'eye_care_center', 'displayName': 'Eye Care Center', 'isPredicted': False}, {'categoryId': 'doctor', 'displayName': 'Doctor', 'isPredicted': False}, {'categoryId': 'ophthalmology_clinic', 'displayName': 'Ophthalmology Clinic', 'isPredicted': False}, {'categoryId': 'health_consultant', 'displayName': 'Health Consultant', 'isPredicted': False}]"
175,65d3d8c78261c625e63b6aaf,4.0,naturesmiraclesllc.com,Naturesmiraclesllc,//s3-eu-west-1.amazonaws.com/tpd/logos/65d3d8c78261c625e63b6aaf/0x0.png,3,4.0,"{'address': None, 'city': None, 'zipCode': None, 'country': 'United States'}",False,"{'website': 'http://naturesmiraclesllc.com', 'email': None, 'phone': None}","[{'categoryId': 'alternative_medicine_practitioner', 'displayName': 'Alternative Medicine Practitioner', 'isPredicted': False}, {'categoryId': 'herbal_medicine_store', 'displayName': 'Herbal Medicine Store', 'isPredicted': False}, {'categoryId': 'herb_shop', 'displayName': 'Herb Shop', 'isPredicted': False}, {'categoryId': 'health_and_beauty_shop', 'displayName': 'Health and Beauty Shop', 'isPredicted': False}, {'categoryId': 'fitness_and_nutrition_service', 'displayName': 'Fitness and Nutrition Service', 'isPredicted': False}, {'categoryId': 'organic_food_store', 'displayName': 'Organic Food Store', 'isPredicted': False}]"
176,63ce66fe7ec124282d18a6aa,4.0,byou-app.com,BYOU,//s3-eu-west-1.amazonaws.com/tpd/logos/63ce66fe7ec124282d18a6aa/0x0.png,3,4.0,"{'address': None, 'city': 'San Francisco', 'zipCode': None, 'country': 'United States'}",False,"{'website': 'https://www.byou-app.com', 'email': 'info@byou-app.com', 'phone': '+1 7075639050'}","[{'categoryId': 'health_and_beauty_shop', 'displayName': 'Health and Beauty Shop', 'isPredicted': False}, {'categoryId': 'personal_trainer', 'displayName': 'Personal Trainer', 'isPredicted': False}, {'categoryId': 'health_consultant', 'displayName': 'Health Consultant', 'isPredicted': False}, {'categoryId': 'beauty_product_supplier', 'displayName': 'Beauty Product Supplier', 'isPredicted': False}, {'categoryId': 'holistic_medicine_practitioner', 'displayName': 'Holistic Medicine Practitioner', 'isPredicted': False}, {'categoryId': 'mental_health_service', 'displayName': 'Mental Health Service', 'isPredicted': False}]"
177,65303bd41a296d06170ed46f,4.0,drleannnguyen.com,Dr. LeAnn Nguyen Acupuncture & Herbs,//s3-eu-west-1.amazonaws.com/tpd/logos/65303bd41a296d06170ed46f/0x0.png,3,4.0,"{'address': '811 W. San Marcos Blvd', 'city': 'San Marcos', 'zipCode': '92078', 'country': 'United States'}",False,"{'website': 'http://drleannnguyen.com', 'email': 'Drleannnguyen@gmail.com', 'phone': '17604108463'}","[{'categoryId': 'acupuncture_clinic', 'displayName': 'Acupuncture Clinic', 'isPredicted': False}]"
178,5d824dde8e98db0001a9ad38,4.0,aaaphysicaltherapy.com,AAA Physical Therapy,,3,4.0,"{'address': 'Oakland Mills Road 6955', 'city': 'Columbia', 'zipCode': '21045', 'country': 'United States'}",False,"{'website': 'http://aaaphysicaltherapy.com', 'email': None, 'phone': None}","[{'categoryId': 'physiotherapy_center', 'displayName': 'Physical Therapy Clinic', 'isPredicted': False}]"
179,64fdda07b52dc07af87f66f3,4.0,mentalhealthtodaywa.com,Mental Health Today LLC,//s3-eu-west-1.amazonaws.com/tpd/logos/64fdda07b52dc07af87f66f3/0x0.png,3,4.0,"{'address': '100 N Howard St ', 'city': 'Spokane ', 'zipCode': '99201 ', 'country': 'United States'}",False,"{'website': 'https://mentalhealthtodaywa.com', 'email': 'https://mentalhealthtodaywa.com/contact', 'phone': '5093484261'}","[{'categoryId': 'mental_health_service', 'displayName': 'Mental Health Service', 'isPredicted': False}, {'categoryId': 'holistic_medicine_practitioner', 'displayName': 'Holistic Medicine Practitioner', 'isPredicted': False}, {'categoryId': 'psychiatrist', 'displayName': 'Psychiatrist', 'isPredicted': False}, {'categoryId': 'psychotherapist', 'displayName': 'Psychotherapist', 'isPredicted': False}]"
180,5efb4d408020f90001e000ca,4.0,essentialtelemed.com,Essential Telemed,//s3-eu-west-1.amazonaws.com/tpd/logos/5efb4d408020f90001e000ca/0x0.png,3,4.0,"{'address': None, 'city': 'ORLANDO', 'zipCode': None, 'country': 'United States'}",False,"{'website': 'http://EssentialTelemed.com', 'email': 'info@essentialtelemed.com', 'phone': '407-319-4506'}","[{'categoryId': 'travel_clinic', 'displayName': 'Travel Clinic', 'isPredicted': False}]"
181,65fb91466daf80de4a6861a2,4.0,eonmedicalcenter.com,Eon Medical Center,//s3-eu-west-1.amazonaws.com/tpd/logos/65fb91466daf80de4a6861a2/0x0.png,3,4.0,"{'address': '200 Frandorson Cir', 'city': 'Apollo Beach', 'zipCode': '33572', 'country': 'United States'}",False,"{'website': 'http://eonmedicalcenter.com', 'email': 'support@eonmedicalcenter.com', 'phone': '813-696-3459'}","[{'categoryId': 'medical_clinic', 'displayName': 'Medical Clinic', 'isPredicted': False}, {'categoryId': 'weight_loss_service', 'displayName': 'Weight Loss Service', 'isPredicted': False}, {'categoryId': 'medical_center', 'displayName': 'Medical Center', 'isPredicted': False}]"
182,592594020000ff0005a31b30,4.0,www.painfreenyc.com,Pain Physicians NY,//s3-eu-west-1.amazonaws.com/tpd/logos/592594020000ff0005a31b30/0x0.png,3,3.9,"{'address': '2279 Coney Island Ave, Ste 200', 'city': 'Brooklyn, NY', 'zipCode': '11223', 'country': 'United States'}",False,"{'website': 'https://www.painfreenyc.com', 'email': 'info@painfreenyc.com', 'phone': '(718) 998-9890'}","[{'categoryId': 'pain_management_physician', 'displayName': 'Pain Management Physician', 'isPredicted': False}, {'categoryId': 'physiotherapy_center', 'displayName': 'Physical Therapy Clinic', 'isPredicted': False}, {'categoryId': 'medical_clinic', 'displayName': 'Medical Clinic', 'isPredicted': False}]"
183,631b46fc580efd0f7de785a9,3.5,muscleandbrawn.com,Muscle and Brawn,,3,3.3,"{'address': '600 Congress Ave', 'city': 'Austin', 'zipCode': '78701', 'country': 'United States'}",False,"{'website': 'http://muscleandbrawn.com', 'email': 'contact@muscleandbrawn.com', 'phone': None}","[{'categoryId': 'medical_clinic', 'displayName': 'Medical Clinic', 'isPredicted': False}]"
184,653c3b0bb573f1541974d768,3.0,microdosingworldwide.com,Microdosingworldwide,,3,3.2,"{'address': None, 'city': None, 'zipCode': None, 'country': 'United States'}",False,"{'website': 'http://microdosingworldwide.com', 'email': None, 'phone': None}","[{'categoryId': 'holistic_medicine_practitioner', 'displayName': 'Holistic Medicine Practitioner', 'isPredicted': False}, {'categoryId': 'community_health_center', 'displayName': 'Community Health Centre', 'isPredicted': False}, {'categoryId': 'addiction_treatment_center', 'displayName': 'Addiction Treatment Center', 'isPredicted': False}, {'categoryId': 'health_consultant', 'displayName': 'Health Consultant', 'isPredicted': False}, {'categoryId': 'alternative_medicine_practitioner', 'displayName': 'Alternative Medicine Practitioner', 'isPredicted': False}, {'categoryId': 'health_and_beauty_shop', 'displayName': 'Health and Beauty Shop', 'isPredicted': False}]"
185,65be648895547d2e3135f9f2,4.0,bhealingclinic.com,Bodyworks Healing Clinic,//s3-eu-west-1.amazonaws.com/tpd/logos/65be648895547d2e3135f9f2/0x0.png,2,3.8,"{'address': '13910 Lyons Valley Road, Suite L (2nd Level)', 'city': 'Jamul', 'zipCode': '91935', 'country': 'United States'}",False,"{'website': 'http://bhealingclinic.com', 'email': 'info@BHealingClinic.com', 'phone': '(619) 502-9333'}","[{'categoryId': 'wellness_center', 'displayName': 'Wellness Center', 'isPredicted': False}, {'categoryId': 'holistic_medicine_practitioner', 'displayName': 'Holistic Medicine Practitioner', 'isPredicted': False}, {'categoryId': 'sports_massage_therapist', 'displayName': 'Sports Massage Therapist', 'isPredicted': False}, {'categoryId': 'massage_therapist', 'displayName': 'Massage Therapist', 'isPredicted': False}, {'categoryId': 'nutritionist', 'displayName': 'Nutritionist', 'isPredicted': False}, {'categoryId': 'thai_massage_therapist', 'displayName': 'Thai Massage Therapist', 'isPredicted': False}]"
186,647736eb84deb44114a47564,4.0,buyambbienonline.blogspot.com,buyambbienonline.blogspot.com,//s3-eu-west-1.amazonaws.com/tpd/logos/647736eb84deb44114a47564/0x0.png,2,3.8,"{'address': 'Landline St. North Southern  Berwick, United State', 'city': 'washington', 'zipCode': '299', 'country': 'United States'}",False,"{'website': 'https://thepharmacity.com/product/ambien-5mg/', 'email': 'jcafe2652@gmail.com', 'phone': '07868021504'}","[{'categoryId': 'alternative_medicine_practitioner', 'displayName': 'Alternative Medicine Practitioner', 'isPredicted': False}]"
187,5efbcf5732edb70001b5da9f,4.0,montcochiro.com,Montgomery County Chiropractic Center,//s3-eu-west-1.amazonaws.com/tpd/logos/5efbcf5732edb70001b5da9f/0x0.png,2,3.8,"{'address': '1120 Welsh Rd #110', 'city': 'North Wales', 'zipCode': '19454', 'country': 'United States'}",False,"{'website': 'https://montcochiro.com', 'email': 'Dr_conrad@msn.com', 'phone': '215 628-2529'}","[{'categoryId': 'chiropractor', 'displayName': 'Chiropractor', 'isPredicted': False}, {'categoryId': 'doctor', 'displayName': 'Doctor', 'isPredicted': False}, {'categoryId': 'sports_massage_therapist', 'displayName': 'Sports Massage Therapist', 'isPredicted': False}, {'categoryId': 'wellness_program', 'displayName': 'Wellness Program', 'isPredicted': False}, {'categoryId': 'massage_therapist', 'displayName': 'Massage Therapist', 'isPredicted': False}, {'categoryId': 'physiotherapy_center', 'displayName': 'Physical Therapy Clinic', 'isPredicted': False}]"
188,645d55b509f4464987b634fc,4.0,envoyhealth.io,Envoy Health,//s3-eu-west-1.amazonaws.com/tpd/logos/645d55b509f4464987b634fc/0x0.png,2,3.8,"{'address': '5432 Geary Blvd Unit 787', 'city': 'San Francisco', 'zipCode': '94121', 'country': 'United States'}",False,"{'website': 'https://envoyhealth.io', 'email': 'info@envoyhealth.io', 'phone': '(415) 406-6339'}","[{'categoryId': 'software_company', 'displayName': 'Software Company', 'isPredicted': False}, {'categoryId': 'medical_clinic', 'displayName': 'Medical Clinic', 'isPredicted': False}]"
189,5e12f93bfbfd030001181ed7,4.0,physioexperts.ca,PhysioExperts Physiotherapy and Rehabilitation,,2,3.8,"{'address': None, 'city': None, 'zipCode': None, 'country': 'United States'}",False,"{'website': 'http://physioexperts.ca', 'email': None, 'phone': None}","[{'categoryId': 'acupuncture_clinic', 'displayName': 'Acupuncture Clinic', 'isPredicted': False}, {'categoryId': 'physiotherapy_center', 'displayName': 'Physical Therapy Clinic', 'isPredicted': False}, {'categoryId': 'massage_therapist', 'displayName': 'Massage Therapist', 'isPredicted': False}, {'categoryId': 'rehabilitation_center', 'displayName': 'Rehabilitation Center', 'isPredicted': False}]"
190,652836368860e2ce4e38a1df,4.0,youryoniretreat.com,Your Yoni Retreat,//s3-eu-west-1.amazonaws.com/tpd/logos/652836368860e2ce4e38a1df/0x0.png,2,3.8,"{'address': '2508 Garfield Ave, Ste. A', 'city': 'Carmichael ', 'zipCode': '95608', 'country': 'United States'}",False,"{'website': 'http://youryoniretreat.com', 'email': 'info@youryoniretreat.com', 'phone': '916-494-4266'}","[{'categoryId': 'alternative_medicine_practitioner', 'displayName': 'Alternative Medicine Practitioner', 'isPredicted': False}]"
191,60d4a3172689b70001d78208,4.0,hempireinnovations.com,hempireinnovations.com,//s3-eu-west-1.amazonaws.com/tpd/logos/60d4a3172689b70001d78208/0x0.png,2,3.8,"{'address': None, 'city': None, 'zipCode': None, 'country': 'United States'}",False,"{'website': 'http://hempireinnovations.com', 'email': 'contact@hempireinnovations.com', 'phone': '9104095624'}","[{'categoryId': 'holistic_medicine_practitioner', 'displayName': 'Holistic Medicine Practitioner', 'isPredicted': False}]"
192,65223319075e318af4269ff5,4.0,v-ariahealth.com,V.ARIA Health,//s3-eu-west-1.amazonaws.com/tpd/logos/65223319075e318af4269ff5/0x0.png,2,3.8,"{'address': None, 'city': None, 'zipCode': None, 'country': 'United States'}",False,"{'website': 'http://v-ariahealth.com', 'email': None, 'phone': None}","[{'categoryId': 'obstetrics_gynecology_clinic', 'displayName': ""Women's Health Clinic"", 'isPredicted': False}, {'categoryId': 'doctor', 'displayName': 'Doctor', 'isPredicted': False}, {'categoryId': 'medical_clinic', 'displayName': 'Medical Clinic', 'isPredicted': False}, {'categoryId': 'health_consultant', 'displayName': 'Health Consultant', 'isPredicted': False}]"
193,5e51bce5e232f70001441e55,4.0,thenutritionshoppe.net,The Nutrition Shoppe,,2,3.8,"{'address': 'Highway 74 S 1200', 'city': 'Peachtree City', 'zipCode': '30269', 'country': 'United States'}",False,"{'website': 'http://thenutritionshoppe.net', 'email': None, 'phone': None}","[{'categoryId': 'holistic_medicine_practitioner', 'displayName': 'Holistic Medicine Practitioner', 'isPredicted': False}]"
194,63fe762c6295ff0e0a727d8c,4.0,ivfoptions.com,IVF Options,//s3-eu-west-1.amazonaws.com/tpd/logos/63fe762c6295ff0e0a727d8c/0x0.png,2,3.8,"{'address': '350 Lincoln Road, Unit 217', 'city': 'Miami', 'zipCode': '33139', 'country': 'United States'}",False,"{'website': 'http://ivfoptions.com', 'email': 'info@ivfoptions.com', 'phone': '9179059460'}","[{'categoryId': 'obstetrics_gynecology_clinic', 'displayName': ""Women's Health Clinic"", 'isPredicted': False}]"
195,663fa416d04feb364197247f,4.0,balancedwomenswellness.com,Balanced Women's Wellness,//s3-eu-west-1.amazonaws.com/tpd/logos/663fa416d04feb364197247f/0x0.png,2,3.8,"{'address': '220 Stanavage Rd', 'city': 'Colchester', 'zipCode': '06415', 'country': 'United States'}",False,"{'website': 'http://balancedwomenswellness.com', 'email': 'info@balancedwomenswellness.com', 'phone': '8603672691'}","[{'categoryId': 'obstetrics_gynecology_clinic', 'displayName': ""Women's Health Clinic"", 'isPredicted': False}]"
196,64c6dbb13de7e34d2cbd369b,4.0,shasta.health,Shasta Health - Home Physical Therapy,//s3-eu-west-1.amazonaws.com/tpd/logos/64c6dbb13de7e34d2cbd369b/0x0.png,2,3.8,"{'address': '1085 S Van Ness, Unit 205', 'city': 'San Francisco', 'zipCode': '94110', 'country': 'United States'}",False,"{'website': 'http://shasta.health', 'email': 'founders@shasta.health', 'phone': '1 (833) 427-0882'}","[{'categoryId': 'physiotherapy_center', 'displayName': 'Physical Therapy Clinic', 'isPredicted': False}]"
197,60268f719453ad000118f5cc,4.0,manhattanmedicalarts.com,manhattanmedicalarts.com,//s3-eu-west-1.amazonaws.com/tpd/logos/60268f719453ad000118f5cc/0x0.png,2,3.8,"{'address': '492 6th Ave, New York, NY 10011, United States', 'city': 'New York', 'zipCode': '10011', 'country': 'United States'}",False,"{'website': 'http://manhattanmedicalarts.com', 'email': None, 'phone': '6464549000'}","[{'categoryId': 'medical_clinic', 'displayName': 'Medical Clinic', 'isPredicted': False}]"
198,62a86bcdeafbd217a68fddd9,4.0,medsinusa.com,Buy Soma Online | Medsinusa,//s3-eu-west-1.amazonaws.com/tpd/logos/62a86bcdeafbd217a68fddd9/0x0.png,2,3.8,"{'address': '700 South Saxton Ave, Rego Park, NY', 'city': 'New York', 'zipCode': '11374', 'country': 'United States'}",False,"{'website': 'https://pharmacy1990.com', 'email': 'patrickblanco1306@gmail.com', 'phone': '2566666559'}","[{'categoryId': 'community_health_center', 'displayName': 'Community Health Centre', 'isPredicted': False}, {'categoryId': 'alternative_medicine_practitioner', 'displayName': 'Alternative Medicine Practitioner', 'isPredicted': False}, {'categoryId': 'oriental_medicine_store', 'displayName': 'Oriental Medicine Store', 'isPredicted': False}, {'categoryId': 'mental_health_service', 'displayName': 'Mental Health Service', 'isPredicted': False}, {'categoryId': 'health_consultant', 'displayName': 'Health Consultant', 'isPredicted': False}]"
199,5d5657317b8b570001f3e4ab,4.0,fccmg.com,Family Care Centers,,2,3.8,"{'address': 'Barranca Parkway 4950', 'city': 'Irvine', 'zipCode': '92604', 'country': 'United States'}",False,"{'website': 'http://fccmg.com', 'email': None, 'phone': None}","[{'categoryId': 'walk_in_clinic', 'displayName': 'Walk-In Clinic', 'isPredicted': False}, {'categoryId': 'medical_clinic', 'displayName': 'Medical Clinic', 'isPredicted': False}, {'categoryId': 'urgent_care_center', 'displayName': 'Urgent Care Center', 'isPredicted': False}, {'categoryId': 'emergency_care_physician', 'displayName': 'Emergency Care Physician', 'isPredicted': False}, {'categoryId': 'sports_medicine_clinic', 'displayName': 'Sports Medicine Clinic', 'isPredicted': False}, {'categoryId': 'travel_clinic', 'displayName': 'Travel Clinic', 'isPredicted': False}]"
200,62a86bcdeafbd217a68fddd9,4.0,medsinusa.com,Buy Soma Online | Medsinusa,//s3-eu-west-1.amazonaws.com/tpd/logos/62a86bcdeafbd217a68fddd9/0x0.png,2,3.8,"{'address': '700 South Saxton Ave, Rego Park, NY', 'city': 'New York', 'zipCode': '11374', 'country': 'United States'}",False,"{'website': 'https://pharmacy1990.com', 'email': 'patrickblanco1306@gmail.com', 'phone': '2566666559'}","[{'categoryId': 'community_health_center', 'displayName': 'Community Health Centre', 'isPredicted': False}, {'categoryId': 'alternative_medicine_practitioner', 'displayName': 'Alternative Medicine Practitioner', 'isPredicted': False}, {'categoryId': 'oriental_medicine_store', 'displayName': 'Oriental Medicine Store', 'isPredicted': False}, {'categoryId': 'mental_health_service', 'displayName': 'Mental Health Service', 'isPredicted': False}, {'categoryId': 'health_consultant', 'displayName': 'Health Consultant', 'isPredicted': False}]"
201,632d1463acc254ca872816ad,3.5,yonie-essentials.com,Yonie Essentials,,2,3.7,"{'address': '2340 E 8th Street STE H', 'city': 'National City', 'zipCode': '91950', 'country': 'United States'}",False,"{'website': 'http://yonie-essentials.com', 'email': 'intouch@yonie-essentials.com', 'phone': '6194886001'}","[{'categoryId': 'body_shaping_class', 'displayName': 'Body Shaping Class', 'isPredicted': False}, {'categoryId': 'holistic_medicine_practitioner', 'displayName': 'Holistic Medicine Practitioner', 'isPredicted': False}, {'categoryId': 'facial_spa', 'displayName': 'Facial Spa', 'isPredicted': False}, {'categoryId': 'spa', 'displayName': 'Spa', 'isPredicted': False}, {'categoryId': 'weight_loss_service', 'displayName': 'Weight Loss Service', 'isPredicted': False}, {'categoryId': 'health_spa', 'displayName': 'Health Spa', 'isPredicted': False}]"
202,61030a45712445001dfa1c9f,3.0,mountpleasanthealthcenter.com,Mount Pleasant Health Center,//s3-eu-west-1.amazonaws.com/tpd/logos/61030a45712445001dfa1c9f/0x0.png,2,3.2,"{'address': '1405 Ben Sawyer Blvd STE 104', 'city': 'MT Pleasant', 'zipCode': '29464', 'country': 'United States'}",False,"{'website': 'https://www.mountpleasanthealthcenter.com', 'email': 'dr.samcurtis@yahoo.com', 'phone': '843-800-0413'}","[{'categoryId': 'doctor', 'displayName': 'Doctor', 'isPredicted': False}, {'categoryId': 'physiotherapy_center', 'displayName': 'Physical Therapy Clinic', 'isPredicted': False}, {'categoryId': 'chiropractor', 'displayName': 'Chiropractor', 'isPredicted': False}, {'categoryId': 'massage_therapist', 'displayName': 'Massage Therapist', 'isPredicted': False}]"
203,632ba2595ff74a79a209d222,3.0,doctorphysiotw.com,Dr. Physio Therapy & Wellness,//s3-eu-west-1.amazonaws.com/tpd/logos/632ba2595ff74a79a209d222/0x0.png,2,3.1,"{'address': '43324 N Federal Highway', 'city': 'Fort Lauderdale', 'zipCode': '33308', 'country': 'United States'}",False,"{'website': 'http://doctorphysiotw.com', 'email': 'contact@doctorphysiotw.com', 'phone': '9543695787'}","[{'categoryId': 'physiotherapist', 'displayName': 'Physical Therapist', 'isPredicted': False}, {'categoryId': 'physiotherapy_center', 'displayName': 'Physical Therapy Clinic', 'isPredicted': False}, {'categoryId': 'fitness_class', 'displayName': 'Fitness class', 'isPredicted': False}, {'categoryId': 'occupational_therapist', 'displayName': 'Occupational Therapist', 'isPredicted': False}, {'categoryId': 'speech_pathologist', 'displayName': 'Speech Pathologist', 'isPredicted': False}, {'categoryId': 'walk_in_clinic', 'displayName': 'Walk-In Clinic', 'isPredicted': False}]"
204,5ca492ead888850001a04e4d,3.0,rebalancenyc.com,ReBalance NYC,//s3-eu-west-1.amazonaws.com/tpd/logos/5ca492ead888850001a04e4d/0x0.png,2,3.0,"{'address': '635 Madison Ave, Ste 1400,', 'city': 'New York', 'zipCode': '10022', 'country': 'United States'}",False,"{'website': 'https://www.rebalancenyc.com', 'email': 'info@rebalancenyc.com', 'phone': '(212) 380-1764'}","[{'categoryId': 'wellness_center', 'displayName': 'Wellness Center', 'isPredicted': False}, {'categoryId': 'medical_clinic', 'displayName': 'Medical Clinic', 'isPredicted': False}, {'categoryId': 'chiropractor', 'displayName': 'Chiropractor', 'isPredicted': False}]"
205,615069ca336249001d1a6305,3.0,lessonpharma.com,Lessonpharma,//s3-eu-west-1.amazonaws.com/tpd/logos/615069ca336249001d1a6305/0x0.png,2,2.9,"{'address': 'santa rosa', 'city': 'califormia', 'zipCode': '90001', 'country': 'United States'}",False,"{'website': 'http://lessonpharma.com', 'email': 'freedyotol@gmail.com', 'phone': '3235469732'}","[{'categoryId': 'medical_clinic', 'displayName': 'Medical Clinic', 'isPredicted': False}]"
206,5b8668483448bc00017f717c,3.0,centurymedicaldental.com,Century Medical & Dental Center,//s3-eu-west-1.amazonaws.com/tpd/logos/5b8668483448bc00017f717c/0x0.png,2,2.9,"{'address': '200 Livingston Street', 'city': 'Brooklyn, NY', 'zipCode': '11201', 'country': 'United States'}",False,"{'website': 'https://www.centurymedicaldental.com', 'email': 'centurymedicalanddentalpc@gmail.com', 'phone': '(718) 522-3399'}","[{'categoryId': 'medical_clinic', 'displayName': 'Medical Clinic', 'isPredicted': False}, {'categoryId': 'cardiologist', 'displayName': 'Cardiologist', 'isPredicted': False}, {'categoryId': 'internist', 'displayName': 'Internist', 'isPredicted': False}, {'categoryId': 'dermatologist', 'displayName': 'Dermatologist', 'isPredicted': False}, {'categoryId': 'gynecologist', 'displayName': 'Obstetrician-Gynecologist', 'isPredicted': False}, {'categoryId': 'gastroenterologist', 'displayName': 'Gastroenterologist', 'isPredicted': False}]"
207,5e1dd7946f0a0a0001ecb1ea,3.5,drmonicatadros.com,"Monica Tadros, MD, FACS",//s3-eu-west-1.amazonaws.com/tpd/logos/5e1dd7946f0a0a0001ecb1ea/0x0.png,1,3.7,"{'address': '911 Park Ave Suite 1C,', 'city': 'New York', 'zipCode': '10021', 'country': 'United States'}",False,"{'website': 'https://drmonicatadros.com', 'email': 'info@drmonicatadros.com', 'phone': '(212) 532-4590'}","[{'categoryId': 'medical_clinic', 'displayName': 'Medical Clinic', 'isPredicted': False}, {'categoryId': 'plastic_surgery_clinic', 'displayName': 'Plastic Surgery Clinic', 'isPredicted': False}]"
208,6077847d1a16a9000102f65c,3.5,beam.health,"Beam Health, Inc.",,1,3.7,"{'address': '101 Crawfords Corner Road', 'city': 'Holmdel', 'zipCode': '07733', 'country': 'United States'}",False,"{'website': 'http://beam.health', 'email': 'info@beamhealthgroup.com', 'phone': '2125479860'}","[{'categoryId': 'medical_clinic', 'displayName': 'Medical Clinic', 'isPredicted': False}]"
209,60fd5dde9f430d0001cd958f,3.5,cordis-med.ru,Cordis endovascular clinic,//s3-eu-west-1.amazonaws.com/tpd/logos/60fd5dde9f430d0001cd958f/0x0.png,1,3.7,"{'address': None, 'city': None, 'zipCode': None, 'country': 'United States'}",False,"{'website': 'https://cordis-med.ru/en', 'email': None, 'phone': None}","[{'categoryId': 'vascular_surgeon', 'displayName': 'Vascular Surgeon', 'isPredicted': False}, {'categoryId': 'medical_clinic', 'displayName': 'Medical Clinic', 'isPredicted': False}, {'categoryId': 'medical_diagnostic_imaging_center', 'displayName': 'Medical Diagnostic Imaging Center', 'isPredicted': False}, {'categoryId': 'heart_hospital', 'displayName': 'Heart Hospital', 'isPredicted': False}]"
210,592679c60000ff0005a3264d,3.5,thewomenschoice.com,Professional Gynecological Services,//s3-eu-west-1.amazonaws.com/tpd/logos/592679c60000ff0005a3264d/0x0.png,1,3.7,"{'address': '14 Dekalb Ave, 2nd Floor', 'city': 'Brooklyn, NY', 'zipCode': '11201', 'country': 'United States'}",False,"{'website': 'https://www.thewomenschoice.com', 'email': 'info@thewomenschoice.com', 'phone': '(718) 875-4848'}","[{'categoryId': 'pregnancy_care_center', 'displayName': 'Pregnancy Care Center', 'isPredicted': False}, {'categoryId': 'gynecologist', 'displayName': 'Obstetrician-Gynecologist', 'isPredicted': False}, {'categoryId': 'obstetrics_gynecology_clinic', 'displayName': ""Women's Health Clinic"", 'isPredicted': False}]"
211,6092f49a2ebaea0001d723a9,3.5,northplattept.com,North Platte Physical Therapy,//s3-eu-west-1.amazonaws.com/tpd/logos/6092f49a2ebaea0001d723a9/0x0.png,1,3.7,"{'address': '620 4J Court Suite B', 'city': 'Gillette', 'zipCode': '82716', 'country': 'United States'}",False,"{'website': 'http://northplattept.com', 'email': 'gwnppt@yahoo.com', 'phone': '3076862569'}","[{'categoryId': 'physiotherapy_center', 'displayName': 'Physical Therapy Clinic', 'isPredicted': False}]"
212,60553981ec958d00010377c1,3.5,bubolomedical.com,bubolomedical.com,//s3-eu-west-1.amazonaws.com/tpd/logos/60553981ec958d00010377c1/0x0.png,1,3.7,"{'address': '200 Sandy Springs Pl NE', 'city': 'Atlanta', 'zipCode': '30328', 'country': 'United States'}",False,"{'website': 'http://bubolomedical.com', 'email': 'info@bubolo365.com', 'phone': '7707904456'}","[{'categoryId': 'weight_loss_service', 'displayName': 'Weight Loss Service', 'isPredicted': False}, {'categoryId': 'local_medical_services', 'displayName': 'Local Medical Service', 'isPredicted': False}, {'categoryId': 'hair_transplantation_clinic', 'displayName': 'Hair Transplantation Clinic', 'isPredicted': False}, {'categoryId': 'medical_clinic', 'displayName': 'Medical Clinic', 'isPredicted': False}]"
213,619d9982aaaac753ab99d07b,3.5,ivirtualdoc.com,iVirtualDoc,//s3-eu-west-1.amazonaws.com/tpd/logos/619d9982aaaac753ab99d07b/0x0.png,1,3.7,"{'address': '501 E Las Olas Boulevard, Suite 300', 'city': 'Fort Lauderdale', 'zipCode': '33301', 'country': 'United States'}",False,"{'website': 'http://ivirtualdoc.com', 'email': 'support@ivirtualdoc.com', 'phone': '1-844-MY-PC-DOC'}","[{'categoryId': 'medical_clinic', 'displayName': 'Medical Clinic', 'isPredicted': False}]"
214,5c9b7620164d370001824286,3.5,newyorkcardiac.com,New York Cardiac Diagnostic Center,//s3-eu-west-1.amazonaws.com/tpd/logos/5c9b7620164d370001824286/0x0.png,1,3.7,"{'address': '115 East 86th Street', 'city': 'New York', 'zipCode': '10028', 'country': 'United States'}",False,"{'website': 'https://newyorkcardiac.com', 'email': 'info@newyorkcardiac.com', 'phone': '(212) 860-0796'}","[{'categoryId': 'medical_clinic', 'displayName': 'Medical Clinic', 'isPredicted': False}, {'categoryId': 'cardiologist', 'displayName': 'Cardiologist', 'isPredicted': False}]"
215,6593e68f56863fb9d6e56fba,3.5,healthquo.org,HealthQuo,//s3-eu-west-1.amazonaws.com/tpd/logos/6593e68f56863fb9d6e56fba/0x0.png,1,3.7,"{'address': '55 Weston Rd', 'city': 'Sunrise', 'zipCode': '33326', 'country': 'United States'}",False,"{'website': 'http://healthquo.org', 'email': 'Info@healthquo.com', 'phone': '+1 305-604-1215'}","[{'categoryId': 'general_practitioner', 'displayName': 'General Practitioner', 'isPredicted': False}, {'categoryId': 'medical_center', 'displayName': 'Medical Center', 'isPredicted': False}, {'categoryId': 'medical_group', 'displayName': 'Medical Group', 'isPredicted': False}, {'categoryId': 'medical_clinic', 'displayName': 'Medical Clinic', 'isPredicted': False}]"
216,5b86821207c35b0001535812,3.5,sportspainmanagementnyc.com,Sports Injury & Pain Management Clinic of New York,//s3-eu-west-1.amazonaws.com/tpd/logos/5b86821207c35b0001535812/0x0.png,1,3.7,"{'address': '36 West 44th Street, Ste 1416', 'city': 'New York', 'zipCode': '10036', 'country': 'United States'}",False,"{'website': 'https://www.sportspainmanagementnyc.com', 'email': 'info@sportspainmanagementnyc.com', 'phone': '(212) 621-7746'}","[{'categoryId': 'pain_management_physician', 'displayName': 'Pain Management Physician', 'isPredicted': False}, {'categoryId': 'medical_clinic', 'displayName': 'Medical Clinic', 'isPredicted': False}, {'categoryId': 'pain_control_clinic', 'displayName': 'Pain Control Clinic', 'isPredicted': False}]"
217,647f37303d4bab1ffc58453b,3.5,joinalfie.com,Alfie Health,//s3-eu-west-1.amazonaws.com/tpd/logos/647f37303d4bab1ffc58453b/0x0.png,1,3.7,"{'address': None, 'city': None, 'zipCode': None, 'country': 'United States'}",False,"{'website': 'https://joinalfie.com', 'email': 'support@joinalfie.com', 'phone': '844-625-0623'}","[{'categoryId': 'medical_clinic', 'displayName': 'Medical Clinic', 'isPredicted': False}]"
218,5e2e42b1166ef0000175f95f,3.5,ocwellnesssolutions.com,Oc Wellness Solutions,,1,3.7,"{'address': 'Katella Ave 8220', 'city': 'Stanton', 'zipCode': '90680', 'country': 'United States'}",False,"{'website': 'http://ocwellnesssolutions.com', 'email': None, 'phone': None}","[{'categoryId': 'alternative_medicine_practitioner', 'displayName': 'Alternative Medicine Practitioner', 'isPredicted': False}, {'categoryId': 'herbalist', 'displayName': 'Herbalist', 'isPredicted': False}, {'categoryId': 'herb_shop', 'displayName': 'Herb Shop', 'isPredicted': False}, {'categoryId': 'nutritionist', 'displayName': 'Nutritionist', 'isPredicted': False}]"
219,63071ff6200bd639e850b78b,3.5,ambien247.weebly.com,Buy Ambien Online At Street Value - Ambien247,//s3-eu-west-1.amazonaws.com/tpd/logos/63071ff6200bd639e850b78b/0x0.png,1,3.7,"{'address': '218 Dark Hollow', 'city': 'Camden', 'zipCode': '08102', 'country': 'United States'}",False,"{'website': 'http://ambien247.weebly.com', 'email': 'conatact@adbidds.com', 'phone': '+19095094050'}","[{'categoryId': 'pharmaceutical_company', 'displayName': 'Pharmaceutical Company', 'isPredicted': False}, {'categoryId': 'online_pharmacy', 'displayName': 'Online Pharmacy', 'isPredicted': False}, {'categoryId': 'medical_clinic', 'displayName': 'Medical Clinic', 'isPredicted': False}, {'categoryId': 'drugstore', 'displayName': 'Drug Store', 'isPredicted': False}]"
220,5d8c797cdde0cf000109f36f,3.5,mmjdoctor.com,MMJ Doctor,//s3-eu-west-1.amazonaws.com/tpd/logos/5d8c797cdde0cf000109f36f/0x0.png,1,3.7,"{'address': '1884 MARKET ST', 'city': 'SAN FRANCISCO', 'zipCode': '94102', 'country': 'United States'}",False,"{'website': 'http://mmjdoctor.com', 'email': 'info@mmjdoctor.com', 'phone': '84155540171'}","[{'categoryId': 'medical_clinic', 'displayName': 'Medical Clinic', 'isPredicted': False}, {'categoryId': 'alternative_medicine_practitioner', 'displayName': 'Alternative Medicine Practitioner', 'isPredicted': False}]"
221,62e11292ab5cdc606b2e6ac8,3.5,gojoocy.com,Joocy LLC,//s3-eu-west-1.amazonaws.com/tpd/logos/62e11292ab5cdc606b2e6ac8/0x0.png,1,3.7,"{'address': '586 NW 27th St, Miami, FL, USA', 'city': 'Miami', 'zipCode': '33127', 'country': 'United States'}",False,"{'website': 'https://gojoocy.com/', 'email': 'info@gojoocy.com', 'phone': '8449184402'}","[{'categoryId': 'internal_medicine_ward', 'displayName': 'Internal Medicine Ward', 'isPredicted': False}]"
222,5deb7cb1a525f00001f5c6a0,3.5,nepalayurvedahome.com,nepalayurvedahome,,1,3.7,"{'address': None, 'city': None, 'zipCode': None, 'country': 'United States'}",False,"{'website': 'http://nepalayurvedahome.com', 'email': None, 'phone': None}","[{'categoryId': 'alternative_medicine_practitioner', 'displayName': 'Alternative Medicine Practitioner', 'isPredicted': False}]"
223,5d9b4a618f9d7a0001d2e070,3.5,swadeshiupchar.in,Swadeshiupchar,,1,3.7,"{'address': None, 'city': None, 'zipCode': None, 'country': 'United States'}",False,"{'website': 'http://swadeshiupchar.in', 'email': None, 'phone': None}","[{'categoryId': 'physiotherapy_center', 'displayName': 'Physical Therapy Clinic', 'isPredicted': False}, {'categoryId': 'alternative_medicine_practitioner', 'displayName': 'Alternative Medicine Practitioner', 'isPredicted': False}]"
224,65e7dd35ac5812fab12cdc2e,3.5,discoverregeneration.com,Discover Regeneration,//s3-eu-west-1.amazonaws.com/tpd/logos/65e7dd35ac5812fab12cdc2e/0x0.png,1,3.7,"{'address': '1850 Rye Rd E', 'city': 'Bradenton', 'zipCode': '34212-9038', 'country': 'United States'}",False,"{'website': 'http://discoverregeneration.com', 'email': 'drkristin@discoverregeneration.com', 'phone': '941-777-3436'}","[{'categoryId': 'health_consultant', 'displayName': 'Health Consultant', 'isPredicted': False}, {'categoryId': 'alternative_medicine_practitioner', 'displayName': 'Alternative Medicine Practitioner', 'isPredicted': False}, {'categoryId': 'holistic_medicine_practitioner', 'displayName': 'Holistic Medicine Practitioner', 'isPredicted': False}]"
225,5b8650d107c35b0001535552,3.5,obgynqueensnyc.com,Forest Hills Medical Services,//s3-eu-west-1.amazonaws.com/tpd/logos/5b8650d107c35b0001535552/0x0.png,1,3.7,"{'address': '108-16 63 Road', 'city': 'Forest Hills, NY', 'zipCode': '11375', 'country': 'United States'}",False,"{'website': 'https://www.obgynqueensnyc.com/', 'email': 'info@obgynqueensnyc.com', 'phone': '(718) 897-5331'}","[{'categoryId': 'gynecologist', 'displayName': 'Obstetrician-Gynecologist', 'isPredicted': False}, {'categoryId': 'pregnancy_care_center', 'displayName': 'Pregnancy Care Center', 'isPredicted': False}, {'categoryId': 'obstetrics_gynecology_clinic', 'displayName': ""Women's Health Clinic"", 'isPredicted': False}]"
226,647f37303d4bab1ffc58453b,3.5,joinalfie.com,Alfie Health,//s3-eu-west-1.amazonaws.com/tpd/logos/647f37303d4bab1ffc58453b/0x0.png,1,3.7,"{'address': None, 'city': None, 'zipCode': None, 'country': 'United States'}",False,"{'website': 'https://joinalfie.com', 'email': 'support@joinalfie.com', 'phone': '844-625-0623'}","[{'categoryId': 'medical_clinic', 'displayName': 'Medical Clinic', 'isPredicted': False}]"
227,63bc909f2f3a258c238672c9,3.5,supmogo.com,Supmogo,//s3-eu-west-1.amazonaws.com/tpd/logos/63bc909f2f3a258c238672c9/0x0.png,1,3.7,"{'address': '11401 Pines Blvd', 'city': 'Pembroke Pines', 'zipCode': '33026', 'country': 'United States'}",False,"{'website': 'http://supmogo.com', 'email': 'info@supmogo.com', 'phone': '08779006646'}","[{'categoryId': 'pain_control_clinic', 'displayName': 'Pain Control Clinic', 'isPredicted': False}, {'categoryId': 'hospital_and_equipment_supplies', 'displayName': 'Hospital Equipment and Supplies Store', 'isPredicted': False}]"
228,663bcd436e3f3748c839f062,3.5,holisticmedicalwellness.com,Holistic Medical Wellness,//s3-eu-west-1.amazonaws.com/tpd/logos/663bcd436e3f3748c839f062/0x0.png,1,3.7,"{'address': '1005 Kane Concourse #211', 'city': 'Miami Beach', 'zipCode': '33154', 'country': 'United States'}",False,"{'website': 'http://holisticmedicalwellness.com', 'email': 'dr.koffler@hmwcenter.com', 'phone': '305-280-0561'}","[{'categoryId': 'sports_medicine_physician', 'displayName': 'Sports Medicine Physician', 'isPredicted': False}, {'categoryId': 'acupuncture_clinic', 'displayName': 'Acupuncture Clinic', 'isPredicted': False}, {'categoryId': 'alternative_medicine_practitioner', 'displayName': 'Alternative Medicine Practitioner', 'isPredicted': False}, {'categoryId': 'specialized_clinic', 'displayName': 'Specialized Clinic', 'isPredicted': False}, {'categoryId': 'weight_loss_service', 'displayName': 'Weight Loss Service', 'isPredicted': False}, {'categoryId': 'holistic_medicine_practitioner', 'displayName': 'Holistic Medicine Practitioner', 'isPredicted': False}]"
229,5eefb663eeb92a0001aa5b9e,3.5,p5ospt.com,P5 Orthopedic & Sports Physical Therapy,//s3-eu-west-1.amazonaws.com/tpd/logos/5eefb663eeb92a0001aa5b9e/0x0.png,1,3.7,"{'address': '7500 212th St. SW Ste 112', 'city': 'Edmonds', 'zipCode': '98026', 'country': 'United States'}",False,"{'website': 'http://www.p5ospt.com', 'email': 'hello@p5ospt.com', 'phone': '4252152216'}","[{'categoryId': 'specialized_clinic', 'displayName': 'Specialized Clinic', 'isPredicted': False}, {'categoryId': 'physiotherapist', 'displayName': 'Physical Therapist', 'isPredicted': False}, {'categoryId': 'physiotherapy_center', 'displayName': 'Physical Therapy Clinic', 'isPredicted': False}, {'categoryId': 'orthopedic_clinic', 'displayName': 'Orthopedic Clinic', 'isPredicted': False}]"
230,5d20c30dade21b000141ab75,3.5,bodysystemsla.com,Body Systems Wellness,//s3-eu-west-1.amazonaws.com/tpd/logos/5d20c30dade21b000141ab75/0x0.png,1,3.7,"{'address': '800 South Central Ave, Suite #206', 'city': 'Glendale', 'zipCode': ' CA 91204', 'country': 'United States'}",False,"{'website': 'http://bodysystemsla.com', 'email': 'office@bodysystemsla.com', 'phone': '8182402233'}","[{'categoryId': 'wellness_center', 'displayName': 'Wellness Center', 'isPredicted': False}, {'categoryId': 'chiropractor', 'displayName': 'Chiropractor', 'isPredicted': False}, {'categoryId': 'alternative_medicine_practitioner', 'displayName': 'Alternative Medicine Practitioner', 'isPredicted': False}, {'categoryId': 'weight_loss_service', 'displayName': 'Weight Loss Service', 'isPredicted': False}]"
231,6408d3b5bbc40d2fadc923ef,3.5,dailyherbalist.com,Daily Herbalist,//s3-eu-west-1.amazonaws.com/tpd/logos/6408d3b5bbc40d2fadc923ef/0x0.png,1,3.7,"{'address': None, 'city': 'San Antonio', 'zipCode': None, 'country': 'United States'}",False,"{'website': 'http://dailyherbalist.com', 'email': 'dailyherbalist10@gmail.com', 'phone': None}","[{'categoryId': 'herbalist', 'displayName': 'Herbalist', 'isPredicted': False}, {'categoryId': 'alternative_medicine_practitioner', 'displayName': 'Alternative Medicine Practitioner', 'isPredicted': False}, {'categoryId': 'herbal_medicine_store', 'displayName': 'Herbal Medicine Store', 'isPredicted': False}]"
232,63f089d4e08cfbfd9da8e0ef,3.5,ymsnutrition.com,YMS Nutrition - Apple Cider Vinegar Gummies,//s3-eu-west-1.amazonaws.com/tpd/logos/63f089d4e08cfbfd9da8e0ef/0x0.png,1,3.7,"{'address': 'Suite 7', 'city': 'Freehold', 'zipCode': '07728', 'country': 'United States'}",False,"{'website': 'http://ymsnutrition.com', 'email': 'levelapna1996@gmail.com', 'phone': '(415) 930-6829'}","[{'categoryId': 'obstetrics_gynecology_clinic', 'displayName': ""Women's Health Clinic"", 'isPredicted': False}, {'categoryId': 'herbal_medicine_store', 'displayName': 'Herbal Medicine Store', 'isPredicted': False}, {'categoryId': 'weight_loss_service', 'displayName': 'Weight Loss Service', 'isPredicted': False}, {'categoryId': 'health_consultant', 'displayName': 'Health Consultant', 'isPredicted': False}, {'categoryId': 'health_and_beauty_shop', 'displayName': 'Health and Beauty Shop', 'isPredicted': False}]"
233,6026f12443e0060001fa3755,3.5,caldiving.org,California Diving Academy,,1,3.7,"{'address': None, 'city': None, 'zipCode': None, 'country': 'United States'}",False,"{'website': 'http://www.CALdiving.org', 'email': None, 'phone': None}","[{'categoryId': 'youth_club', 'displayName': 'Youth Club', 'isPredicted': False}, {'categoryId': 'dive_club', 'displayName': 'Diving Club', 'isPredicted': False}, {'categoryId': 'class', 'displayName': 'Class', 'isPredicted': False}, {'categoryId': 'specialized_clinic', 'displayName': 'Specialized Clinic', 'isPredicted': False}, {'categoryId': 'acrobatic_diving_pool', 'displayName': 'Acrobatic Diving Pool', 'isPredicted': False}]"
234,63b10e03fa9d5519e5a9de70,3.5,elevatedchiro.com,Elevated Chiropractic Broomfield,//s3-eu-west-1.amazonaws.com/tpd/logos/63b10e03fa9d5519e5a9de70/0x0.png,1,3.7,"{'address': '925 Main St, Ste A', 'city': 'Broomfield', 'zipCode': '80020', 'country': 'United States'}",False,"{'website': 'http://www.elevatedchiro.com', 'email': 'info@elevatedchiro.com', 'phone': '3034813427'}","[{'categoryId': 'specialized_clinic', 'displayName': 'Specialized Clinic', 'isPredicted': False}, {'categoryId': 'wellness_center', 'displayName': 'Wellness Center', 'isPredicted': False}, {'categoryId': 'chiropractor', 'displayName': 'Chiropractor', 'isPredicted': False}]"
235,626711e0502b186a15273f4a,3.5,momenthealth.co,Moment,//s3-eu-west-1.amazonaws.com/tpd/logos/626711e0502b186a15273f4a/0x0.png,1,3.7,"{'address': '2261 Market Street #4773', 'city': ' San Francisco', 'zipCode': '94114', 'country': 'United States'}",False,"{'website': 'http://momenthealth.co', 'email': 'hello@momenthealth.co', 'phone': '9494644520'}","[{'categoryId': 'obstetrics_gynecology_clinic', 'displayName': ""Women's Health Clinic"", 'isPredicted': False}]"
236,6011d3617ae90900017575a3,3.5,mensvitalitymd.com,Mensvitalitymd,//s3-eu-west-1.amazonaws.com/tpd/logos/6011d3617ae90900017575a3/0x0.png,1,3.7,"{'address': '1177 Queen St Suite 301B', 'city': 'Honolulu', 'zipCode': '96814', 'country': 'United States'}",False,"{'website': 'http://mensvitalitymd.com', 'email': 'info@mensvitalitymd.com', 'phone': '808-523-5483'}","[{'categoryId': 'medical_clinic', 'displayName': 'Medical Clinic', 'isPredicted': False}]"
237,656aaab4acaf90f44e2136db,3.5,readochealth.com,Readochealth,//s3-eu-west-1.amazonaws.com/tpd/logos/656aaab4acaf90f44e2136db/0x0.png,1,3.7,"{'address': '450 N Freeport Parkway, Suite 1200, Coppell, TX 75019', 'city': 'Coppell', 'zipCode': '75019', 'country': 'United States'}",False,"{'website': 'http://readochealth.com', 'email': 'Info@readochealth.com', 'phone': '+1 (609) 873-2362'}","[{'categoryId': 'travel_clinic', 'displayName': 'Travel Clinic', 'isPredicted': False}, {'categoryId': 'medical_center', 'displayName': 'Medical Center', 'isPredicted': False}]"
238,5bb491a68a52200001ea1844,3.5,www.vitalityhrt.com,Renew Vitality Clinic,//s3-eu-west-1.amazonaws.com/tpd/logos/5bb491a68a52200001ea1844/0x0.png,1,3.7,"{'address': 'Central Park South 30', 'city': 'New York', 'zipCode': '10019', 'country': 'United States'}",False,"{'website': 'http://www.vitalityhrt.com', 'email': 'info@vitalityhrt.com', 'phone': '888-791-5960'}","[{'categoryId': 'medical_clinic', 'displayName': 'Medical Clinic', 'isPredicted': False}]"
239,5d4aeee263c4490001ae3fd2,3.5,medicinebox.info,Medicinebox,,1,3.7,"{'address': None, 'city': None, 'zipCode': None, 'country': 'United States'}",False,"{'website': 'http://medicinebox.info', 'email': None, 'phone': None}","[{'categoryId': 'alternative_medicine_practitioner', 'displayName': 'Alternative Medicine Practitioner', 'isPredicted': False}]"
240,6011d3617ae90900017575a3,3.5,mensvitalitymd.com,Mensvitalitymd,//s3-eu-west-1.amazonaws.com/tpd/logos/6011d3617ae90900017575a3/0x0.png,1,3.7,"{'address': '1177 Queen St Suite 301B', 'city': 'Honolulu', 'zipCode': '96814', 'country': 'United States'}",False,"{'website': 'http://mensvitalitymd.com', 'email': 'info@mensvitalitymd.com', 'phone': '808-523-5483'}","[{'categoryId': 'medical_clinic', 'displayName': 'Medical Clinic', 'isPredicted': False}]"
241,667158417bd895a3a438e0d6,3.5,surrogacy4all.com,Surrogacy4All,//s3-eu-west-1.amazonaws.com/tpd/logos/667158417bd895a3a438e0d6/0x0.png,1,3.7,"{'address': '1148 Fifth Avenue', 'city': 'New York', 'zipCode': '10128', 'country': 'United States'}",False,"{'website': 'https://www.surrogacy4all.com/', 'email': 'info@surrogacy4all.com', 'phone': '(212) 661-7673'}","[{'categoryId': 'pregnancy_care_center', 'displayName': 'Pregnancy Care Center', 'isPredicted': False}, {'categoryId': 'medical_clinic', 'displayName': 'Medical Clinic', 'isPredicted': False}]"
242,59256ec20000ff0005a31893,3.5,www.brooklyngynplace.com,Brooklyn GYN Place,//s3-eu-west-1.amazonaws.com/tpd/logos/59256ec20000ff0005a31893/0x0.png,1,3.6,"{'address': '142 Joralemon Street, #4CF', 'city': 'Brooklyn, NY', 'zipCode': '11201', 'country': 'United States'}",False,"{'website': 'https://www.brooklyngynplace.com', 'email': 'info@brooklyngynplace.com', 'phone': '(718) 624-0604'}","[{'categoryId': 'pregnancy_care_center', 'displayName': 'Pregnancy Care Center', 'isPredicted': False}, {'categoryId': 'obstetrics_gynecology_clinic', 'displayName': ""Women's Health Clinic"", 'isPredicted': False}, {'categoryId': 'gynecologist', 'displayName': 'Obstetrician-Gynecologist', 'isPredicted': False}]"
243,5dce9f2355f84d0001638b7c,3.0,mangoclinic.com,Mangoclinic,//s3-eu-west-1.amazonaws.com/tpd/logos/5dce9f2355f84d0001638b7c/0x0.png,1,3.2,"{'address': '434 SW 12Th Ave #205, Miami, 33130', 'city': 'Miami', 'zipCode': '33130', 'country': 'United States'}",False,"{'website': 'http://mangoclinic.com', 'email': 'marketing@mangoclinic.com', 'phone': '(888) 578-6704'}","[{'categoryId': 'doctor', 'displayName': 'Doctor', 'isPredicted': False}, {'categoryId': 'alternative_medicine_practitioner', 'displayName': 'Alternative Medicine Practitioner', 'isPredicted': False}, {'categoryId': 'medical_clinic', 'displayName': 'Medical Clinic', 'isPredicted': False}]"
244,5ef13f248c9cd90001b62276,3.0,mysourceofhealth.com,Mysourceofhealth,//s3-eu-west-1.amazonaws.com/tpd/logos/5ef13f248c9cd90001b62276/0x0.png,1,3.2,"{'address': '9755 N 90th St Suite A110', 'city': 'Scottsdale', 'zipCode': '85258', 'country': 'United States'}",False,"{'website': 'http://mysourceofhealth.com', 'email': 'marketing@mysourceofhealth.com', 'phone': '4803614005'}","[{'categoryId': 'alternative_medicine_practitioner', 'displayName': 'Alternative Medicine Practitioner', 'isPredicted': False}]"
245,5d13665f84687a000197efa3,3.0,triptnyc.com,no company!,//s3-eu-west-1.amazonaws.com/tpd/logos/5d13665f84687a000197efa3/0x0.png,1,3.2,"{'address': None, 'city': None, 'zipCode': None, 'country': 'United States'}",False,"{'website': 'https://translate.google.com/', 'email': 'info@more.com', 'phone': '(718) 998-0000'}","[{'categoryId': 'physiotherapy_center', 'displayName': 'Physical Therapy Clinic', 'isPredicted': False}]"
246,5978602f0000ff0005a7741c,3.0,manhattangastroenterology.com,Manhattan Gastroenterology,//s3-eu-west-1.amazonaws.com/tpd/logos/5978602f0000ff0005a7741c/0x0.png,1,3.2,"{'address': '55 W. 17th St, Ste 102', 'city': 'New York', 'zipCode': '10011', 'country': 'United States'}",False,"{'website': 'https://www.manhattangastroenterology.com', 'email': 'info@manhattangastroenterology.com', 'phone': '(212) 378-9983'}","[{'categoryId': 'medical_clinic', 'displayName': 'Medical Clinic', 'isPredicted': False}, {'categoryId': 'gastroenterologist', 'displayName': 'Gastroenterologist', 'isPredicted': False}]"
247,5da211ffe1646d0001a45c06,0.0,hypnotist.com,Hollywood Hypnotist Kevin Stone,//s3-eu-west-1.amazonaws.com/tpd/logos/5da211ffe1646d0001a45c06/0x0.png,0,3.5,"{'address': 'www.hypnotist.com', 'city': 'Los Angeles', 'zipCode': '90210', 'country': 'United States'}",False,"{'website': 'http://www.hypnotist.com', 'email': 'hollywoodhypnotistkevinstone@gmail.com', 'phone': '951-461-1244'}","[{'categoryId': 'alternative_medicine_practitioner', 'displayName': 'Alternative Medicine Practitioner', 'isPredicted': False}]"
248,5d4c4c9d5490d90001d0ac0b,0.0,www.hpluscuff.com,Hpluscuff,,0,3.5,"{'address': 'Anacapa St 836', 'city': 'Santa Barbara', 'zipCode': '93102', 'country': 'United States'}",False,"{'website': 'http://www.hpluscuff.com', 'email': None, 'phone': None}","[{'categoryId': 'physiotherapy_center', 'displayName': 'Physical Therapy Clinic', 'isPredicted': False}, {'categoryId': 'physiotherapy_equip_supplier', 'displayName': 'Physiotherapy Equipment Supplier', 'isPredicted': False}]"
249,5d8c86e613cc03000113064e,0.0,mmjdoctors.com,Mmjdoctorscom,//s3-eu-west-1.amazonaws.com/tpd/logos/5d8c86e613cc03000113064e/0x0.png,0,3.5,"{'address': 'SW 12th Ave 434', 'city': 'Miami', 'zipCode': '33130', 'country': 'United States'}",False,"{'website': 'http://mmjdoctors.com', 'email': None, 'phone': None}","[{'categoryId': 'alternative_medicine_practitioner', 'displayName': 'Alternative Medicine Practitioner', 'isPredicted': False}, {'categoryId': 'doctor', 'displayName': 'Doctor', 'isPredicted': False}]"
250,602fc22e45331c0001d1cd09,0.0,ttohc.com,The Tree of Health Center,//s3-eu-west-1.amazonaws.com/tpd/logos/602fc22e45331c0001d1cd09/0x0.png,0,3.5,"{'address': '55 Newton-Sparta Road, Suite 107', 'city': 'Newton', 'zipCode': '07860', 'country': 'United States'}",False,"{'website': 'http://ttohc.com', 'email': 'info@ttohc.com', 'phone': '973-500-8813'}","[{'categoryId': 'alternative_medicine_practitioner', 'displayName': 'Alternative Medicine Practitioner', 'isPredicted': False}]"
251,5d8c82d95d09830001a17629,0.0,mdberry.com,MD BERRY - MEDICAL MARIJUANA CARD ONLINE IN NY,//s3-eu-west-1.amazonaws.com/tpd/logos/5d8c82d95d09830001a17629/0x0.png,0,3.5,"{'address': '347 5th Ave, Ste 1402', 'city': 'New York', 'zipCode': '10016', 'country': 'United States'}",False,"{'website': 'http://mdberry.com', 'email': 'info@mdberry.com', 'phone': '(888) 578-6704'}","[{'categoryId': 'alternative_medicine_practitioner', 'displayName': 'Alternative Medicine Practitioner', 'isPredicted': False}]"
252,5e1931ed33032c0001ce95dc,0.0,master-mind.us,Master Mind Advanced Hypnosis,//s3-eu-west-1.amazonaws.com/tpd/logos/5e1931ed33032c0001ce95dc/0x0.png,0,3.5,"{'address': 'International Drive 300', 'city': 'Buffalo', 'zipCode': '14221', 'country': 'United States'}",False,"{'website': 'https://master-mind.us', 'email': 'hypnosis@master-mind.us', 'phone': '716-247-6610'}","[{'categoryId': 'coaching_center', 'displayName': 'Coaching Center', 'isPredicted': False}, {'categoryId': 'mental_health_service', 'displayName': 'Mental Health Service', 'isPredicted': False}, {'categoryId': 'life_coach', 'displayName': 'Life Coach', 'isPredicted': False}, {'categoryId': 'bus_and_coach_company', 'displayName': 'Bus and Coach Company', 'isPredicted': False}, {'categoryId': 'hypnotherapy_service', 'displayName': 'Hypnotherapy Service', 'isPredicted': False}, {'categoryId': 'alternative_medicine_practitioner', 'displayName': 'Alternative Medicine Practitioner', 'isPredicted': False}]"
253,64946c152767c7bdf2c2414f,0.0,autoimmunewarrior.com,Autoimmune Warrior,//s3-eu-west-1.amazonaws.com/tpd/logos/64946c152767c7bdf2c2414f/0x0.png,0,0.0,"{'address': None, 'city': None, 'zipCode': None, 'country': 'United States'}",False,"{'website': 'http://autoimmunewarrior.com', 'email': 'info@autoimmunewarrior.com', 'phone': '3236861561'}","[{'categoryId': 'holistic_medicine_practitioner', 'displayName': 'Holistic Medicine Practitioner', 'isPredicted': False}, {'categoryId': 'wellness_program', 'displayName': 'Wellness Program', 'isPredicted': False}, {'categoryId': 'wellness_center', 'displayName': 'Wellness Center', 'isPredicted': False}, {'categoryId': 'retreat_center', 'displayName': 'Retreat Center', 'isPredicted': False}, {'categoryId': 'alternative_medicine_practitioner', 'displayName': 'Alternative Medicine Practitioner', 'isPredicted': False}]"
254,6587b57c73fd8f0dae938123,0.0,sereneprana.com,Sereneprana,//s3-eu-west-1.amazonaws.com/tpd/logos/6587b57c73fd8f0dae938123/0x0.png,0,0.0,"{'address': '4695 Chabot Dr, Suite #200', 'city': 'Pleasanton', 'zipCode': '94558', 'country': 'United States'}",False,"{'website': 'http://sereneprana.com', 'email': 'info@sereneprana.com', 'phone': None}","[{'categoryId': 'holistic_medicine_practitioner', 'displayName': 'Holistic Medicine Practitioner', 'isPredicted': False}]"
255,63c3b45444cafa9d5a722c50,0.0,fsrxhub.com,FourSquare Rx Hub,//s3-eu-west-1.amazonaws.com/tpd/logos/63c3b45444cafa9d5a722c50/0x0.png,0,0.0,"{'address': '2732 Trollie Ln', 'city': 'Jacksonville', 'zipCode': '32211', 'country': 'United States'}",False,"{'website': 'http://fsrxhub.com', 'email': 'info@fsrxhub.com', 'phone': '8778111129'}","[{'categoryId': 'medical_clinic', 'displayName': 'Medical Clinic', 'isPredicted': False}]"
256,631eecc35e770091e604ad36,0.0,klinik365.com,klinik365.com,//s3-eu-west-1.amazonaws.com/tpd/logos/631eecc35e770091e604ad36/0x0.png,0,0.0,"{'address': None, 'city': None, 'zipCode': None, 'country': 'United States'}",False,"{'website': 'http://klinik365.com', 'email': None, 'phone': None}","[{'categoryId': 'health_consultant', 'displayName': 'Health Consultant', 'isPredicted': False}, {'categoryId': 'child_health_care_centre', 'displayName': 'Child Health Care Center', 'isPredicted': False}, {'categoryId': 'community_health_center', 'displayName': 'Community Health Centre', 'isPredicted': False}, {'categoryId': 'obstetrics_gynecology_clinic', 'displayName': ""Women's Health Clinic"", 'isPredicted': False}, {'categoryId': 'home_health_care_service', 'displayName': 'Home Health Care Service', 'isPredicted': False}, {'categoryId': 'mental_health_service', 'displayName': 'Mental Health Service', 'isPredicted': False}]"
257,64b3107b9abc8aaa57e5df93,0.0,newyorkpaindoctors.com,NYPMD New York Accident Doctors,//s3-eu-west-1.amazonaws.com/tpd/logos/64b3107b9abc8aaa57e5df93/0x0.png,0,0.0,"{'address': '127 E 107th St,', 'city': 'New York', 'zipCode': '10029', 'country': 'United States'}",False,"{'website': 'http://newyorkpaindoctors.com', 'email': 'info@newyorkpaindoctors.com', 'phone': ' 888-982-4846'}","[{'categoryId': 'physiotherapy_center', 'displayName': 'Physical Therapy Clinic', 'isPredicted': False}, {'categoryId': 'doctor', 'displayName': 'Doctor', 'isPredicted': False}, {'categoryId': 'local_medical_services', 'displayName': 'Local Medical Service', 'isPredicted': False}, {'categoryId': 'pain_management_physician', 'displayName': 'Pain Management Physician', 'isPredicted': False}, {'categoryId': 'orthopedic_clinic', 'displayName': 'Orthopedic Clinic', 'isPredicted': False}, {'categoryId': 'orthopedic_surgeon', 'displayName': 'Orthopedic Surgeon', 'isPredicted': False}]"
258,6271b667d7d0f743c62c2310,0.0,denovoscan.com,De Novo Scan Thermography,,0,0.0,"{'address': '11000 N. Scottsdale Rd.', 'city': 'Scottsdale', 'zipCode': '85254', 'country': 'United States'}",False,"{'website': 'http://denovoscan.com', 'email': 'thermography@denovoscan.com', 'phone': '4802842222'}","[{'categoryId': 'obstetrics_gynecology_clinic', 'displayName': ""Women's Health Clinic"", 'isPredicted': False}]"
259,64652c1bc3fdd6cd235b2b80,0.0,paxsonyogacenter.com,Paxson Yoga and Wellness Center,//s3-eu-west-1.amazonaws.com/tpd/logos/64652c1bc3fdd6cd235b2b80/0x0.png,0,0.0,"{'address': '6840 S. Macadam Ave.', 'city': 'Portland', 'zipCode': '97219', 'country': 'United States'}",False,"{'website': 'http://paxsonyogacenter.com', 'email': 'info@paxsonyogacenter.com', 'phone': '503-223-8157'}","[{'categoryId': 'yoga_studio', 'displayName': 'Yoga Studio', 'isPredicted': False}, {'categoryId': 'wellness_center', 'displayName': 'Wellness Center', 'isPredicted': False}, {'categoryId': 'physiotherapist', 'displayName': 'Physical Therapist', 'isPredicted': False}, {'categoryId': 'acupuncture_clinic', 'displayName': 'Acupuncture Clinic', 'isPredicted': False}, {'categoryId': 'massage_therapist', 'displayName': 'Massage Therapist', 'isPredicted': False}, {'categoryId': 'pilates_studio', 'displayName': 'Pilates Studio', 'isPredicted': False}]"
260,60a8a147af4ebd000147acc4,0.0,tripstring.com,tripstring.com,,0,0.0,"{'address': None, 'city': None, 'zipCode': None, 'country': 'United States'}",False,"{'website': 'http://tripstring.com', 'email': None, 'phone': None}","[{'categoryId': 'wedding_planner', 'displayName': 'Wedding Planner', 'isPredicted': False}, {'categoryId': 'travel_agency', 'displayName': 'Travel Agency', 'isPredicted': False}, {'categoryId': 'travel_clinic', 'displayName': 'Travel Clinic', 'isPredicted': False}, {'categoryId': 'sightseeing_tour_agency', 'displayName': 'Sightseeing Tour Agency', 'isPredicted': False}, {'categoryId': 'tour_operator', 'displayName': 'Tour Operator', 'isPredicted': False}, {'categoryId': 'travel_aggregator', 'displayName': 'Travel Aggregator', 'isPredicted': False}]"
261,5d12ba5235edf70001b13d0d,0.0,wellspringclinic.com,Wellspring Clinic,//s3-eu-west-1.amazonaws.com/tpd/logos/5d12ba5235edf70001b13d0d/0x0.png,0,0.0,"{'address': '8580 E Shea Blvd', 'city': 'Scottsdale', 'zipCode': '85260', 'country': 'United States'}",False,"{'website': 'http://wellspringclinic.com', 'email': 'Support@wellspringclinic.com', 'phone': '480-946-9222'}","[{'categoryId': 'alternative_medicine_practitioner', 'displayName': 'Alternative Medicine Practitioner', 'isPredicted': False}]"
262,635644a0c5508bc6b4f314b4,0.0,marabrami.com,Marabrami,,0,0.0,"{'address': None, 'city': None, 'zipCode': None, 'country': 'United States'}",False,"{'website': 'http://marabrami.com', 'email': None, 'phone': None}","[{'categoryId': 'holistic_medicine_practitioner', 'displayName': 'Holistic Medicine Practitioner', 'isPredicted': False}, {'categoryId': 'meditation_center', 'displayName': 'Meditation Center', 'isPredicted': False}, {'categoryId': 'massage_therapist', 'displayName': 'Massage Therapist', 'isPredicted': False}, {'categoryId': 'wellness_center', 'displayName': 'Wellness Center', 'isPredicted': False}]"
263,6328dc0ea0b078b5c60ffd8e,0.0,blackbeautyonloc.com,Blackbeautyonloc,//s3-eu-west-1.amazonaws.com/tpd/logos/6328dc0ea0b078b5c60ffd8e/0x0.png,0,0.0,"{'address': '1309 Coffeen Ave, STE 1200', 'city': 'Sheridan', 'zipCode': '82801', 'country': 'United States'}",False,"{'website': 'https://blackbeautyonloc.com', 'email': 'info@blackbeautyonloc.com', 'phone': None}","[{'categoryId': 'hair_product_store', 'displayName': 'Hair Product Store', 'isPredicted': False}, {'categoryId': 'holistic_medicine_practitioner', 'displayName': 'Holistic Medicine Practitioner', 'isPredicted': False}, {'categoryId': 'beauty_product_supplier', 'displayName': 'Beauty Product Supplier', 'isPredicted': False}]"
264,659ec7cf6cc2e159edfdf625,0.0,pac-md.com,Poplar Avenue Clinic,//s3-eu-west-1.amazonaws.com/tpd/logos/659ec7cf6cc2e159edfdf625/0x0.png,0,0.0,"{'address': '6584 Poplar Ave 4th Floor, Suite 400', 'city': 'Memphis', 'zipCode': '38138', 'country': 'United States'}",False,"{'website': 'http://pac-md.com', 'email': 'info@pac-md.com', 'phone': '901-300-6713'}","[{'categoryId': 'obstetrics_gynecology_clinic', 'displayName': ""Women's Health Clinic"", 'isPredicted': False}]"
265,665cbdaf719d2df47b3078e9,0.0,myinstantmd.com,MYInstantMD LLC,//s3-eu-west-1.amazonaws.com/tpd/logos/665cbdaf719d2df47b3078e9/0x0.png,0,0.0,"{'address': None, 'city': None, 'zipCode': None, 'country': 'United States'}",False,"{'website': 'http://myinstantmd.com', 'email': 'contact@myinstantmd.com', 'phone': None}","[{'categoryId': 'medical_clinic', 'displayName': 'Medical Clinic', 'isPredicted': False}]"
266,665a05963f9cd6c7682f6b90,0.0,daynighthealthcare247.com,DayNightHealthCare247 Online Shop,//s3-eu-west-1.amazonaws.com/tpd/logos/665a05963f9cd6c7682f6b90/0x0.png,0,0.0,"{'address': '712 Admiralty Way', 'city': 'dallas', 'zipCode': '75201', 'country': 'United States'}",False,"{'website': 'http://daynighthealthcare247.com', 'email': 'info@daynighthealthcare247.com', 'phone': '1-800-704-2951'}","[{'categoryId': 'abortion_clinic', 'displayName': 'Abortion Clinic', 'isPredicted': False}, {'categoryId': 'pharmaceutical_company', 'displayName': 'Pharmaceutical Company', 'isPredicted': False}, {'categoryId': 'reproductive_health_clinic', 'displayName': 'Reproductive Health Clinic', 'isPredicted': False}, {'categoryId': 'obstetrics_gynecology_clinic', 'displayName': ""Women's Health Clinic"", 'isPredicted': False}, {'categoryId': 'online_pharmacy', 'displayName': 'Online Pharmacy', 'isPredicted': False}]"
267,663d046638a8abd33eb186f2,0.0,www.hellolunajoy.com,LunaJoy,//s3-eu-west-1.amazonaws.com/tpd/logos/663d046638a8abd33eb186f2/0x0.png,0,0.0,"{'address': '2801 Buford Hwy NE suite t-60', 'city': 'Atlanta', 'zipCode': '30319', 'country': 'United States'}",False,"{'website': 'http://www.hellolunajoy.com', 'email': 'care@hellolunajoy.com', 'phone': '727 291 9538'}","[{'categoryId': 'psychiatrist', 'displayName': 'Psychiatrist', 'isPredicted': False}, {'categoryId': 'mental_health_clinic', 'displayName': 'Mental Health Clinic', 'isPredicted': False}, {'categoryId': 'psychologist', 'displayName': 'Psychologist', 'isPredicted': False}, {'categoryId': 'obstetrics_gynecology_clinic', 'displayName': ""Women's Health Clinic"", 'isPredicted': False}, {'categoryId': 'social_worker', 'displayName': 'Social Worker', 'isPredicted': False}]"
268,6662a4118b9f894db361d5fb,0.0,bitcure.com,BitCure Primary Care,//s3-eu-west-1.amazonaws.com/tpd/logos/6662a4118b9f894db361d5fb/0x0.png,0,0.0,"{'address': '4750, Ashwood Drive, Ohio, 45241, United States', 'city': 'Blue Ash', 'zipCode': '45241', 'country': 'United States'}",False,"{'website': 'https://www.bitcure.com/', 'email': 'care@bitcure.com', 'phone': '8552482873'}","[{'categoryId': 'medical_clinic', 'displayName': 'Medical Clinic', 'isPredicted': False}]"
269,66629059af0c9a02df0f0b17,0.0,stargaltarot.com,Stargaltarot,//s3-eu-west-1.amazonaws.com/tpd/logos/66629059af0c9a02df0f0b17/0x0.png,0,0.0,"{'address': None, 'city': None, 'zipCode': None, 'country': 'United States'}",False,"{'website': 'http://stargaltarot.com', 'email': None, 'phone': None}","[{'categoryId': 'spiritist_center', 'displayName': 'Spiritist Center', 'isPredicted': False}, {'categoryId': 'holistic_medicine_practitioner', 'displayName': 'Holistic Medicine Practitioner', 'isPredicted': False}, {'categoryId': 'meditation_center', 'displayName': 'Meditation Center', 'isPredicted': False}]"
270,664f7a21452e620f5bafbebd,0.0,docdx.com,DocDx Medical Clinic,//s3-eu-west-1.amazonaws.com/tpd/logos/664f7a21452e620f5bafbebd/0x0.png,0,0.0,"{'address': '11119 Rockville Pike suite 207', 'city': 'Rockville', 'zipCode': '20852', 'country': 'United States'}",False,"{'website': 'https://docdx.com', 'email': 'support@docdx.com', 'phone': '+1 833-333-6239'}","[{'categoryId': 'medical_clinic', 'displayName': 'Medical Clinic', 'isPredicted': False}]"
271,6508722c5e6fd78f6d11ab59,0.0,alineaperformance.com,Alinea Performance,//s3-eu-west-1.amazonaws.com/tpd/logos/6508722c5e6fd78f6d11ab59/0x0.png,0,0.0,"{'address': '7227 Montgomery Rd STE C', 'city': 'Cincinnati', 'zipCode': '45236-3942', 'country': 'United States'}",False,"{'website': 'http://alineaperformance.com', 'email': 'infocincy@alineaperformance.com', 'phone': '5134343669'}","[{'categoryId': 'physiotherapist', 'displayName': 'Physical Therapist', 'isPredicted': False}, {'categoryId': 'personal_trainer', 'displayName': 'Personal Trainer', 'isPredicted': False}, {'categoryId': 'physiotherapy_center', 'displayName': 'Physical Therapy Clinic', 'isPredicted': False}]"
272,60a90d147919ad00017d0688,0.0,healthoutletusa.com,Healthoutletusa,//s3-eu-west-1.amazonaws.com/tpd/logos/60a90d147919ad00017d0688/0x0.png,0,0.0,"{'address': 'Burbank Blvd', 'city': 'Burbank', 'zipCode': '91505', 'country': 'United States'}",False,"{'website': 'http://healthoutletusa.com', 'email': 'mdobrianskyi@healthoutletusa.com', 'phone': '1-877-211-1317'}","[{'categoryId': 'medical_supply_store', 'displayName': 'Medical Supply Store', 'isPredicted': False}, {'categoryId': 'local_medical_services', 'displayName': 'Local Medical Service', 'isPredicted': False}, {'categoryId': 'medical_clinic', 'displayName': 'Medical Clinic', 'isPredicted': False}, {'categoryId': 'medical_center', 'displayName': 'Medical Center', 'isPredicted': False}, {'categoryId': 'medical_group', 'displayName': 'Medical Group', 'isPredicted': False}, {'categoryId': 'medical_billing_service', 'displayName': 'Medical Billing Service', 'isPredicted': False}]"
273,661a3eaa0770fc5424d32c2a,0.0,mycosootheofficial.blogspot.com,Mycosoothe【Official & Deals ✔️✔️✔️ 】,//s3-eu-west-1.amazonaws.com/tpd/logos/661a3eaa0770fc5424d32c2a/0x0.png,0,0.0,"{'address': 'Paraline Pharm, NJ Street', 'city': 'Freehold', 'zipCode': '07728', 'country': 'United States'}",False,"{'website': 'https://goofficial.shop/get-mycoSoothe', 'email': 'https://goofficial.shop/get-mycoSoothe', 'phone': None}","[{'categoryId': 'local_medical_services', 'displayName': 'Local Medical Service', 'isPredicted': False}, {'categoryId': 'foot_care', 'displayName': 'Foot Care', 'isPredicted': False}, {'categoryId': 'health_consultant', 'displayName': 'Health Consultant', 'isPredicted': False}, {'categoryId': 'nail_salon', 'displayName': 'Nail Salon', 'isPredicted': False}, {'categoryId': 'medical_clinic', 'displayName': 'Medical Clinic', 'isPredicted': False}]"
274,6571a739fa8c7e8d395f536f,0.0,holistic-inc.com,Holistic Inc,//s3-eu-west-1.amazonaws.com/tpd/logos/6571a739fa8c7e8d395f536f/0x0.png,0,0.0,"{'address': '4815 Maccorkle Ave SE ', 'city': 'CHARLESTON, WV ', 'zipCode': '25304 ', 'country': 'United States'}",False,"{'website': 'http://holistic-inc.com', 'email': 'Holistic@suddenlinkmail.com', 'phone': '681-265-1693'}","[{'categoryId': 'marriage_counselor', 'displayName': 'Marriage Counselor', 'isPredicted': False}, {'categoryId': 'counselor', 'displayName': 'Counselor', 'isPredicted': False}, {'categoryId': 'medical_clinic', 'displayName': 'Medical Clinic', 'isPredicted': False}, {'categoryId': 'weight_loss_service', 'displayName': 'Weight Loss Service', 'isPredicted': False}, {'categoryId': 'alcoholism_treatment_program', 'displayName': 'Alcoholism Treatment Program', 'isPredicted': False}, {'categoryId': 'family_counselor', 'displayName': 'Family Counselor', 'isPredicted': False}]"
275,5eda6de6ea9cbd00012b663b,0.0,freshfacesrx.com,freshfacesrx.com,//s3-eu-west-1.amazonaws.com/tpd/logos/5eda6de6ea9cbd00012b663b/0x0.png,0,0.0,"{'address': '1255 NW 9th Ave #107', 'city': 'Portland', 'zipCode': '97209', 'country': 'United States'}",False,"{'website': 'http://freshfacesrx.com', 'email': 'jodee@freshfacesrx.com', 'phone': '503-880-5755'}","[{'categoryId': 'spa', 'displayName': 'Spa', 'isPredicted': False}, {'categoryId': 'specialized_clinic', 'displayName': 'Specialized Clinic', 'isPredicted': False}]"
276,60ad846ad5a28c0001908b64,0.0,hudsonptot.com,Hudson Physical Therapy,//s3-eu-west-1.amazonaws.com/tpd/logos/60ad846ad5a28c0001908b64/0x0.png,0,0.0,"{'address': '2600 Netherland Ave, Suite 124', 'city': 'The Bronx', 'zipCode': '10463', 'country': 'United States'}",False,"{'website': 'https://hudsonptot.com', 'email': 'office@hudsonptot.com', 'phone': '+1 09298002011'}","[{'categoryId': 'physiotherapy_center', 'displayName': 'Physical Therapy Clinic', 'isPredicted': False}]"
277,65459634096aeaf4b1ba4fce,0.0,atlasdiscspine.com,Atlas Disc + Spine Clinic,//s3-eu-west-1.amazonaws.com/tpd/logos/65459634096aeaf4b1ba4fce/0x0.png,0,0.0,"{'address': '300 E Dimond Blvd Ste 10A', 'city': 'Anchorage', 'zipCode': '99515', 'country': 'United States'}",False,"{'website': 'http://atlasdiscspine.com', 'email': 'info@atlasdiscspine.com', 'phone': '9072224604'}","[{'categoryId': 'pain_control_clinic', 'displayName': 'Pain Control Clinic', 'isPredicted': False}, {'categoryId': 'chiropractor', 'displayName': 'Chiropractor', 'isPredicted': False}]"
278,5e1b64938f2d760001a2880a,0.0,slimfl.com,SLIM Health Center,//s3-eu-west-1.amazonaws.com/tpd/logos/5e1b64938f2d760001a2880a/0x0.png,0,0.0,"{'address': 'W Hallandale Beach Blvd 701 Suite 104', 'city': 'Hallandale Beach', 'zipCode': '33009', 'country': 'United States'}",False,"{'website': 'http://slimfl.com', 'email': 'info:@slimfl.com', 'phone': '(786) 545-5666'}","[{'categoryId': 'medical_spa', 'displayName': 'Medical Spa', 'isPredicted': False}, {'categoryId': 'sports_medicine_clinic', 'displayName': 'Sports Medicine Clinic', 'isPredicted': False}, {'categoryId': 'medical_clinic', 'displayName': 'Medical Clinic', 'isPredicted': False}]"
279,5eb823a6d782f400013e387d,0.0,newlightpt.com,Newlightpt,,0,0.0,"{'address': None, 'city': None, 'zipCode': None, 'country': 'United States'}",False,"{'website': 'http://newlightpt.com', 'email': None, 'phone': None}","[{'categoryId': 'physiotherapy_center', 'displayName': 'Physical Therapy Clinic', 'isPredicted': False}]"
280,650c54f1e38c175d3a5d51f9,0.0,indigophysio.com,Indigo Physiotherapy,,0,0.0,"{'address': '600 Wyndhurst Ave, Suite 102', 'city': 'Baltimore', 'zipCode': '21210', 'country': 'United States'}",False,"{'website': 'http://indigophysio.com', 'email': 'hello@indigophysio.com', 'phone': None}","[{'categoryId': 'physiotherapy_center', 'displayName': 'Physical Therapy Clinic', 'isPredicted': False}]"
281,65459634096aeaf4b1ba4fce,0.0,atlasdiscspine.com,Atlas Disc + Spine Clinic,//s3-eu-west-1.amazonaws.com/tpd/logos/65459634096aeaf4b1ba4fce/0x0.png,0,0.0,"{'address': '300 E Dimond Blvd Ste 10A', 'city': 'Anchorage', 'zipCode': '99515', 'country': 'United States'}",False,"{'website': 'http://atlasdiscspine.com', 'email': 'info@atlasdiscspine.com', 'phone': '9072224604'}","[{'categoryId': 'pain_control_clinic', 'displayName': 'Pain Control Clinic', 'isPredicted': False}, {'categoryId': 'chiropractor', 'displayName': 'Chiropractor', 'isPredicted': False}]"
282,607705e9f9f4d70001dd5fd2,0.0,performancerehabnj.com,performancerehabnj.com,//s3-eu-west-1.amazonaws.com/tpd/logos/607705e9f9f4d70001dd5fd2/0x0.png,0,0.0,"{'address': '459 Watchung Ave', 'city': 'Watchung', 'zipCode': '07069', 'country': 'United States'}",False,"{'website': 'https://performancerehabnj.com/contact-us/orthopedic-clinic-watchung-nj/', 'email': None, 'phone': '(908) 274-0988'}","[{'categoryId': 'sports_medicine_clinic', 'displayName': 'Sports Medicine Clinic', 'isPredicted': False}, {'categoryId': 'physiotherapy_center', 'displayName': 'Physical Therapy Clinic', 'isPredicted': False}, {'categoryId': 'orthopedic_clinic', 'displayName': 'Orthopedic Clinic', 'isPredicted': False}, {'categoryId': 'rehabilitation_center', 'displayName': 'Rehabilitation Center', 'isPredicted': False}]"
283,645c9227484ec7b9c3eac0f7,0.0,oxycontin80mgsale.blogspot.com,BUY OXYCONTIN ONLINE | BEST PRICE TO BUY OXYCONTIN,//s3-eu-west-1.amazonaws.com/tpd/logos/645c9227484ec7b9c3eac0f7/0x0.png,0,0.0,"{'address': 'New York, NY', 'city': 'New York', 'zipCode': '10001', 'country': 'United States'}",False,"{'website': 'https://www.legalmedsguru.com/product-category/buy-oxycontin-online/', 'email': 'jhoncharlliee02@gmail.com', 'phone': '07868021504'}","[{'categoryId': 'alternative_medicine_practitioner', 'displayName': 'Alternative Medicine Practitioner', 'isPredicted': False}]"
284,65574cfdd688eb2232be26fc,0.0,pulseacuhealth.com,Pulse Acupuncture Williamsburg Brooklyn,//s3-eu-west-1.amazonaws.com/tpd/logos/65574cfdd688eb2232be26fc/0x0.png,0,0.0,"{'address': '109 N 12th St Suite 704', 'city': 'New York', 'zipCode': '11249', 'country': 'United States'}",False,"{'website': 'https://www.pulseacuhealth.com/', 'email': 'info@pulseacuhealth.com', 'phone': '973-330-6444'}","[{'categoryId': 'alternative_medicine_practitioner', 'displayName': 'Alternative Medicine Practitioner', 'isPredicted': False}, {'categoryId': 'acupuncture_clinic', 'displayName': 'Acupuncture Clinic', 'isPredicted': False}]"
285,63b2a2e4a7a2ce2d9482ec36,0.0,buygabapentinonlineovernight.blogspot.com,Buy Gabapentin Online Overnight | Gabapentin 800mg,//s3-eu-west-1.amazonaws.com/tpd/logos/63b2a2e4a7a2ce2d9482ec36/0x0.png,0,0.0,"{'address': 'FLORIDA', 'city': 'MIAMI', 'zipCode': '33133', 'country': 'United States'}",False,"{'website': 'https://americandawa.com/product-category/buy-gabapentin-online/', 'email': 'johncarter89789@gmail.com', 'phone': '+1 (281) 617-2662'}","[{'categoryId': 'alternative_medicine_practitioner', 'displayName': 'Alternative Medicine Practitioner', 'isPredicted': False}]"
286,65e2128590f62b0e4ff461ff,0.0,joinbliv.com,Bliv,//s3-eu-west-1.amazonaws.com/tpd/logos/65e2128590f62b0e4ff461ff/0x0.png,0,0.0,"{'address': '815 W Riverdale Rd. Ste 129', 'city': 'Ogden', 'zipCode': '84405', 'country': 'United States'}",False,"{'website': 'http://joinbliv.com', 'email': 'info@joinbliv.com', 'phone': '888-859-2882'}","[{'categoryId': 'pharmacy', 'displayName': 'Pharmacy', 'isPredicted': False}, {'categoryId': 'online_prescription_medication_vendor', 'displayName': 'Online Prescription Medication Vendor', 'isPredicted': False}, {'categoryId': 'online_pharmacy', 'displayName': 'Online Pharmacy', 'isPredicted': False}, {'categoryId': 'medical_clinic', 'displayName': 'Medical Clinic', 'isPredicted': False}, {'categoryId': 'alternative_medicine_practitioner', 'displayName': 'Alternative Medicine Practitioner', 'isPredicted': False}]"
287,643084b3c6cbe018f9d1c5bc,0.0,jointeffortrehab.com,Joint Effort Physical Therapy,//s3-eu-west-1.amazonaws.com/tpd/logos/643084b3c6cbe018f9d1c5bc/0x0.png,0,0.0,"{'address': '2835 Dublin Blvd', 'city': 'Colorado Springs', 'zipCode': '80918', 'country': 'United States'}",False,"{'website': 'http://jointeffortrehab.com', 'email': 'north@jointeffortrehab.com', 'phone': '7195331318'}","[{'categoryId': 'physiotherapy_center', 'displayName': 'Physical Therapy Clinic', 'isPredicted': False}]"
288,665cbdaf719d2df47b3078e9,0.0,myinstantmd.com,MYInstantMD LLC,//s3-eu-west-1.amazonaws.com/tpd/logos/665cbdaf719d2df47b3078e9/0x0.png,0,0.0,"{'address': None, 'city': None, 'zipCode': None, 'country': 'United States'}",False,"{'website': 'http://myinstantmd.com', 'email': 'contact@myinstantmd.com', 'phone': None}","[{'categoryId': 'medical_clinic', 'displayName': 'Medical Clinic', 'isPredicted': False}]"
289,665a05963f9cd6c7682f6b90,0.0,daynighthealthcare247.com,DayNightHealthCare247 Online Shop,//s3-eu-west-1.amazonaws.com/tpd/logos/665a05963f9cd6c7682f6b90/0x0.png,0,0.0,"{'address': '712 Admiralty Way', 'city': 'dallas', 'zipCode': '75201', 'country': 'United States'}",False,"{'website': 'http://daynighthealthcare247.com', 'email': 'info@daynighthealthcare247.com', 'phone': '1-800-704-2951'}","[{'categoryId': 'abortion_clinic', 'displayName': 'Abortion Clinic', 'isPredicted': False}, {'categoryId': 'pharmaceutical_company', 'displayName': 'Pharmaceutical Company', 'isPredicted': False}, {'categoryId': 'reproductive_health_clinic', 'displayName': 'Reproductive Health Clinic', 'isPredicted': False}, {'categoryId': 'obstetrics_gynecology_clinic', 'displayName': ""Women's Health Clinic"", 'isPredicted': False}, {'categoryId': 'online_pharmacy', 'displayName': 'Online Pharmacy', 'isPredicted': False}]"
290,5eb823a6d782f400013e387d,0.0,newlightpt.com,Newlightpt,,0,0.0,"{'address': None, 'city': None, 'zipCode': None, 'country': 'United States'}",False,"{'website': 'http://newlightpt.com', 'email': None, 'phone': None}","[{'categoryId': 'physiotherapy_center', 'displayName': 'Physical Therapy Clinic', 'isPredicted': False}]"
291,661a3eaa0770fc5424d32c2a,0.0,mycosootheofficial.blogspot.com,Mycosoothe【Official & Deals ✔️✔️✔️ 】,//s3-eu-west-1.amazonaws.com/tpd/logos/661a3eaa0770fc5424d32c2a/0x0.png,0,0.0,"{'address': 'Paraline Pharm, NJ Street', 'city': 'Freehold', 'zipCode': '07728', 'country': 'United States'}",False,"{'website': 'https://goofficial.shop/get-mycoSoothe', 'email': 'https://goofficial.shop/get-mycoSoothe', 'phone': None}","[{'categoryId': 'local_medical_services', 'displayName': 'Local Medical Service', 'isPredicted': False}, {'categoryId': 'foot_care', 'displayName': 'Foot Care', 'isPredicted': False}, {'categoryId': 'health_consultant', 'displayName': 'Health Consultant', 'isPredicted': False}, {'categoryId': 'nail_salon', 'displayName': 'Nail Salon', 'isPredicted': False}, {'categoryId': 'medical_clinic', 'displayName': 'Medical Clinic', 'isPredicted': False}]"
292,643a31e2feafab87c0e7a626,0.0,lyonsprosthetics.com,"Lyons Prosthetics & Orthotics, Inc.",//s3-eu-west-1.amazonaws.com/tpd/logos/643a31e2feafab87c0e7a626/0x0.png,0,0.0,"{'address': '121 Waccamaw Medical Park Drive', 'city': 'Conway', 'zipCode': '29526', 'country': 'United States'}",False,"{'website': 'http://lyonsprosthetics.com', 'email': 'support@lyonsprosthetics.com', 'phone': '(843) 347-5800'}","[{'categoryId': 'medical_equipment_manufacturer', 'displayName': 'Medical Equipment Manufacturer', 'isPredicted': False}, {'categoryId': 'orthopedic_clinic', 'displayName': 'Orthopedic Clinic', 'isPredicted': False}, {'categoryId': 'prosthetics', 'displayName': 'Prosthetics', 'isPredicted': False}, {'categoryId': 'medical_center', 'displayName': 'Medical Center', 'isPredicted': False}, {'categoryId': 'orthotics_and_prosthetics_service', 'displayName': 'Orthotics & Prosthetics Service', 'isPredicted': False}]"
293,6672253c7bd895a3a438fb04,0.0,angelcityva.com,Angelcityva,//s3-eu-west-1.amazonaws.com/tpd/logos/6672253c7bd895a3a438fb04/0x0.png,0,0.0,"{'address': '3333 Wilshire Blvd Ste 500 Los Angeles', 'city': 'Los Angeles', 'zipCode': 'CA 90010', 'country': 'United States'}",False,"{'website': 'http://angelcityva.com', 'email': None, 'phone': ' (213) 246-2985'}","[{'categoryId': 'medical_clinic', 'displayName': 'Medical Clinic', 'isPredicted': False}, {'categoryId': 'recruitment_service', 'displayName': 'Recruitment Service', 'isPredicted': False}]"
294,60a8a147af4ebd000147acc4,0.0,tripstring.com,tripstring.com,,0,0.0,"{'address': None, 'city': None, 'zipCode': None, 'country': 'United States'}",False,"{'website': 'http://tripstring.com', 'email': None, 'phone': None}","[{'categoryId': 'wedding_planner', 'displayName': 'Wedding Planner', 'isPredicted': False}, {'categoryId': 'travel_agency', 'displayName': 'Travel Agency', 'isPredicted': False}, {'categoryId': 'travel_clinic', 'displayName': 'Travel Clinic', 'isPredicted': False}, {'categoryId': 'sightseeing_tour_agency', 'displayName': 'Sightseeing Tour Agency', 'isPredicted': False}, {'categoryId': 'tour_operator', 'displayName': 'Tour Operator', 'isPredicted': False}, {'categoryId': 'travel_aggregator', 'displayName': 'Travel Aggregator', 'isPredicted': False}]"
295,649a4fed60fbd236c5124a13,0.0,newregen.com,Newregen,//s3-eu-west-1.amazonaws.com/tpd/logos/649a4fed60fbd236c5124a13/0x0.png,0,0.0,"{'address': None, 'city': None, 'zipCode': None, 'country': 'United States'}",False,"{'website': 'http://newregen.com', 'email': None, 'phone': None}","[{'categoryId': 'alternative_medicine_practitioner', 'displayName': 'Alternative Medicine Practitioner', 'isPredicted': False}]"
296,60e56f27bb17b10001b45762,0.0,hghfor-sale.com,HFS Clinic,//s3-eu-west-1.amazonaws.com/tpd/logos/60e56f27bb17b10001b45762/0x0.png,0,0.0,"{'address': '2908 N Interstate Hwy 35', 'city': 'Austin, TX', 'zipCode': '78705', 'country': 'United States'}",False,"{'website': 'http://hghfor-sale.com', 'email': None, 'phone': '(979) 319-8983'}","[{'categoryId': 'medical_center', 'displayName': 'Medical Center', 'isPredicted': False}, {'categoryId': 'medical_clinic', 'displayName': 'Medical Clinic', 'isPredicted': False}]"
297,60a434dbf9dca0000156956c,0.0,prosciento.com,"ProSciento, Inc.",//s3-eu-west-1.amazonaws.com/tpd/logos/60a434dbf9dca0000156956c/0x0.png,0,0.0,"{'address': None, 'city': None, 'zipCode': None, 'country': 'United States'}",False,"{'website': 'https://prosciento.com/', 'email': None, 'phone': None}","[{'categoryId': 'specialized_clinic', 'displayName': 'Specialized Clinic', 'isPredicted': False}, {'categoryId': 'diabetes_center', 'displayName': 'Diabetes Center', 'isPredicted': False}, {'categoryId': 'medical_clinic', 'displayName': 'Medical Clinic', 'isPredicted': False}]"
298,63caae4b87cab2e582480133,0.0,reddoorwomens.com,Red Door Women's Health & Wellness,//s3-eu-west-1.amazonaws.com/tpd/logos/63caae4b87cab2e582480133/0x0.png,0,0.0,"{'address': '3611 Cople Highway Unit A', 'city': 'Montross', 'zipCode': '22520', 'country': 'United States'}",False,"{'website': 'http://reddoorwomens.com', 'email': 'info@reddoorwomens.com', 'phone': '804-480-4805'}","[{'categoryId': 'social_services_organization', 'displayName': 'Social Services Organization', 'isPredicted': False}, {'categoryId': 'life_coach', 'displayName': 'Life Coach', 'isPredicted': False}, {'categoryId': 'womens_organization', 'displayName': ""Women's Organization"", 'isPredicted': False}, {'categoryId': 'womens_protection_service', 'displayName': ""Women's Protection Service"", 'isPredicted': False}, {'categoryId': 'obstetrics_gynecology_clinic', 'displayName': ""Women's Health Clinic"", 'isPredicted': False}]"
299,6271263847f748439a37e9f1,0.0,regionalhealthtc.com,regional health and testing,//s3-eu-west-1.amazonaws.com/tpd/logos/6271263847f748439a37e9f1/0x0.png,0,0.0,"{'address': '606 BROADWAY ST', 'city': 'MYRTLE BEACH', 'zipCode': '29577', 'country': 'United States'}",False,"{'website': 'http://regionalhealthtc.com', 'email': 'adminmb@regionalhealthtc.com', 'phone': '18437122222'}","[{'categoryId': 'medical_clinic', 'displayName': 'Medical Clinic', 'isPredicted': False}]"
300,64b3107b9abc8aaa57e5df93,0.0,newyorkpaindoctors.com,NYPMD New York Accident Doctors,//s3-eu-west-1.amazonaws.com/tpd/logos/64b3107b9abc8aaa57e5df93/0x0.png,0,0.0,"{'address': '127 E 107th St,', 'city': 'New York', 'zipCode': '10029', 'country': 'United States'}",False,"{'website': 'http://newyorkpaindoctors.com', 'email': 'info@newyorkpaindoctors.com', 'phone': ' 888-982-4846'}","[{'categoryId': 'physiotherapy_center', 'displayName': 'Physical Therapy Clinic', 'isPredicted': False}, {'categoryId': 'doctor', 'displayName': 'Doctor', 'isPredicted': False}, {'categoryId': 'local_medical_services', 'displayName': 'Local Medical Service', 'isPredicted': False}, {'categoryId': 'pain_management_physician', 'displayName': 'Pain Management Physician', 'isPredicted': False}, {'categoryId': 'orthopedic_clinic', 'displayName': 'Orthopedic Clinic', 'isPredicted': False}, {'categoryId': 'orthopedic_surgeon', 'displayName': 'Orthopedic Surgeon', 'isPredicted': False}]"
301,631eecc35e770091e604ad36,0.0,klinik365.com,klinik365.com,//s3-eu-west-1.amazonaws.com/tpd/logos/631eecc35e770091e604ad36/0x0.png,0,0.0,"{'address': None, 'city': None, 'zipCode': None, 'country': 'United States'}",False,"{'website': 'http://klinik365.com', 'email': None, 'phone': None}","[{'categoryId': 'health_consultant', 'displayName': 'Health Consultant', 'isPredicted': False}, {'categoryId': 'child_health_care_centre', 'displayName': 'Child Health Care Center', 'isPredicted': False}, {'categoryId': 'community_health_center', 'displayName': 'Community Health Centre', 'isPredicted': False}, {'categoryId': 'obstetrics_gynecology_clinic', 'displayName': ""Women's Health Clinic"", 'isPredicted': False}, {'categoryId': 'home_health_care_service', 'displayName': 'Home Health Care Service', 'isPredicted': False}, {'categoryId': 'mental_health_service', 'displayName': 'Mental Health Service', 'isPredicted': False}]"
302,5e57fe6c2cd156000127fccf,0.0,therapycare.com,Therapy Care,,0,0.0,"{'address': 'East Wilson Street 1001', 'city': 'Batavia', 'zipCode': '60510', 'country': 'United States'}",False,"{'website': 'http://therapycare.com', 'email': None, 'phone': None}","[{'categoryId': 'audiologist', 'displayName': 'Audiologist', 'isPredicted': False}, {'categoryId': 'speech_pathologist', 'displayName': 'Speech Pathologist', 'isPredicted': False}, {'categoryId': 'occupational_therapist', 'displayName': 'Occupational Therapist', 'isPredicted': False}, {'categoryId': 'physiotherapy_center', 'displayName': 'Physical Therapy Clinic', 'isPredicted': False}]"
303,5de19453dfdca300018112af,0.0,all4buds.com,Order weed Online,//s3-eu-west-1.amazonaws.com/tpd/logos/5de19453dfdca300018112af/0x0.png,0,0.0,"{'address': '140 Peachtree St SW,Atlanta,GA,30303', 'city': 'Atlanta', 'zipCode': '30303', 'country': 'United States'}",False,"{'website': 'http://all4buds.com', 'email': 'sales@all4buds.com', 'phone': '7755385172'}","[{'categoryId': 'alternative_medicine_practitioner', 'displayName': 'Alternative Medicine Practitioner', 'isPredicted': False}, {'categoryId': 'adult_day_care_center', 'displayName': 'Adult Day Care Center', 'isPredicted': False}, {'categoryId': 'alcoholism_treatment_program', 'displayName': 'Alcoholism Treatment Program', 'isPredicted': False}, {'categoryId': 'cancer_treatment_center', 'displayName': 'Cancer Treatment Center', 'isPredicted': False}, {'categoryId': 'allergist', 'displayName': 'Allergist', 'isPredicted': False}, {'categoryId': 'addiction_treatment_center', 'displayName': 'Addiction Treatment Center', 'isPredicted': False}]"
304,62d42850d959c9cb0048976d,0.0,northnodeonline.com,NORTH NODE,//s3-eu-west-1.amazonaws.com/tpd/logos/62d42850d959c9cb0048976d/0x0.png,0,0.0,"{'address': None, 'city': None, 'zipCode': None, 'country': 'United States'}",False,"{'website': 'http://northnodeonline.com', 'email': None, 'phone': None}","[{'categoryId': 'alternative_medicine_practitioner', 'displayName': 'Alternative Medicine Practitioner', 'isPredicted': False}]"
305,64946c152767c7bdf2c2414f,0.0,autoimmunewarrior.com,Autoimmune Warrior,//s3-eu-west-1.amazonaws.com/tpd/logos/64946c152767c7bdf2c2414f/0x0.png,0,0.0,"{'address': None, 'city': None, 'zipCode': None, 'country': 'United States'}",False,"{'website': 'http://autoimmunewarrior.com', 'email': 'info@autoimmunewarrior.com', 'phone': '3236861561'}","[{'categoryId': 'holistic_medicine_practitioner', 'displayName': 'Holistic Medicine Practitioner', 'isPredicted': False}, {'categoryId': 'wellness_program', 'displayName': 'Wellness Program', 'isPredicted': False}, {'categoryId': 'wellness_center', 'displayName': 'Wellness Center', 'isPredicted': False}, {'categoryId': 'retreat_center', 'displayName': 'Retreat Center', 'isPredicted': False}, {'categoryId': 'alternative_medicine_practitioner', 'displayName': 'Alternative Medicine Practitioner', 'isPredicted': False}]"
306,6281a106911105d1338fed6b,0.0,cannawellnessclinics.com,Canna Wellness Clinics,//s3-eu-west-1.amazonaws.com/tpd/logos/6281a106911105d1338fed6b/0x0.png,0,0.0,"{'address': '432 W Boynton Beach Blvd', 'city': 'Boynton Beach', 'zipCode': '33435', 'country': 'United States'}",False,"{'website': 'http://cannawellnessclinics.com', 'email': 'info@cannawellnessclinics.com', 'phone': '(561) 877 6130'}","[{'categoryId': 'alternative_medicine_practitioner', 'displayName': 'Alternative Medicine Practitioner', 'isPredicted': False}]"
307,61aa95e6c487733d347157ac,0.0,solutionsphysicaltherapy.com,Solutions Physical Therapy & Sports Medicine,//s3-eu-west-1.amazonaws.com/tpd/logos/61aa95e6c487733d347157ac/0x0.png,0,0.0,"{'address': '225 Reinekers Lane Ste GR 4', 'city': 'Alexandria, VA', 'zipCode': '22314', 'country': 'United States'}",False,"{'website': 'http://solutionsphysicaltherapy.com', 'email': 'info@solutionsphysicaltherapy.com', 'phone': '(703) 299-3111'}","[{'categoryId': 'physiotherapist', 'displayName': 'Physical Therapist', 'isPredicted': False}, {'categoryId': 'physiotherapy_center', 'displayName': 'Physical Therapy Clinic', 'isPredicted': False}, {'categoryId': 'sports_medicine_clinic', 'displayName': 'Sports Medicine Clinic', 'isPredicted': False}]"
308,6193afa2a4eef1ab068be661,0.0,surroadvisor.com,SurroAdvisor,//s3-eu-west-1.amazonaws.com/tpd/logos/6193afa2a4eef1ab068be661/0x0.png,0,0.0,"{'address': None, 'city': None, 'zipCode': None, 'country': 'United States'}",False,"{'website': 'https://surroadvisor.com', 'email': None, 'phone': None}","[{'categoryId': 'obstetrics_gynecology_clinic', 'displayName': ""Women's Health Clinic"", 'isPredicted': False}, {'categoryId': 'reproductive_health_clinic', 'displayName': 'Reproductive Health Clinic', 'isPredicted': False}, {'categoryId': 'education_center', 'displayName': 'Education Center', 'isPredicted': False}, {'categoryId': 'fertility_clinic', 'displayName': 'Fertility Clinic', 'isPredicted': False}]"
309,64652c1bc3fdd6cd235b2b80,0.0,paxsonyogacenter.com,Paxson Yoga and Wellness Center,//s3-eu-west-1.amazonaws.com/tpd/logos/64652c1bc3fdd6cd235b2b80/0x0.png,0,0.0,"{'address': '6840 S. Macadam Ave.', 'city': 'Portland', 'zipCode': '97219', 'country': 'United States'}",False,"{'website': 'http://paxsonyogacenter.com', 'email': 'info@paxsonyogacenter.com', 'phone': '503-223-8157'}","[{'categoryId': 'yoga_studio', 'displayName': 'Yoga Studio', 'isPredicted': False}, {'categoryId': 'wellness_center', 'displayName': 'Wellness Center', 'isPredicted': False}, {'categoryId': 'physiotherapist', 'displayName': 'Physical Therapist', 'isPredicted': False}, {'categoryId': 'acupuncture_clinic', 'displayName': 'Acupuncture Clinic', 'isPredicted': False}, {'categoryId': 'massage_therapist', 'displayName': 'Massage Therapist', 'isPredicted': False}, {'categoryId': 'pilates_studio', 'displayName': 'Pilates Studio', 'isPredicted': False}]"
310,5db6b9129f1df400014d27e9,0.0,www.advancedmenstrualcarecenter.com,Advanced Menstrual Care Center,//s3-eu-west-1.amazonaws.com/tpd/logos/5db6b9129f1df400014d27e9/0x0.png,0,0.0,"{'address': '8601 La Salle Rd, Ste 104', 'city': 'Towson', 'zipCode': '21286', 'country': 'United States'}",False,"{'website': 'http://www.advancedmenstrualcarecenter.com', 'email': 'tttucker@advancedmenstrualcarecenter.com', 'phone': '4103372622'}","[{'categoryId': 'obstetrics_gynecology_clinic', 'displayName': ""Women's Health Clinic"", 'isPredicted': False}, {'categoryId': 'medical_office', 'displayName': 'Medical Office', 'isPredicted': False}]"
311,6587b57c73fd8f0dae938123,0.0,sereneprana.com,Sereneprana,//s3-eu-west-1.amazonaws.com/tpd/logos/6587b57c73fd8f0dae938123/0x0.png,0,0.0,"{'address': '4695 Chabot Dr, Suite #200', 'city': 'Pleasanton', 'zipCode': '94558', 'country': 'United States'}",False,"{'website': 'http://sereneprana.com', 'email': 'info@sereneprana.com', 'phone': None}","[{'categoryId': 'holistic_medicine_practitioner', 'displayName': 'Holistic Medicine Practitioner', 'isPredicted': False}]"
312,63c3b45444cafa9d5a722c50,0.0,fsrxhub.com,FourSquare Rx Hub,//s3-eu-west-1.amazonaws.com/tpd/logos/63c3b45444cafa9d5a722c50/0x0.png,0,0.0,"{'address': '2732 Trollie Ln', 'city': 'Jacksonville', 'zipCode': '32211', 'country': 'United States'}",False,"{'website': 'http://fsrxhub.com', 'email': 'info@fsrxhub.com', 'phone': '8778111129'}","[{'categoryId': 'medical_clinic', 'displayName': 'Medical Clinic', 'isPredicted': False}]"
313,618c9845e18bd45108f3c068,0.0,sunbedbooster.com,Sunbedbooster,,0,0.0,"{'address': None, 'city': None, 'zipCode': None, 'country': 'United States'}",False,"{'website': 'https://www.sunbedbooster.com', 'email': None, 'phone': None}","[{'categoryId': 'online_pharmacy', 'displayName': 'Online Pharmacy', 'isPredicted': False}, {'categoryId': 'drugstore', 'displayName': 'Drug Store', 'isPredicted': False}, {'categoryId': 'medicine_exporter', 'displayName': 'Medicine Exporter', 'isPredicted': False}, {'categoryId': 'pain_control_clinic', 'displayName': 'Pain Control Clinic', 'isPredicted': False}]"
314,65b13c2dc6a35da1c07dcce1,0.0,onmed.com,OnMed - The Anywhere Healthcare Solution,//s3-eu-west-1.amazonaws.com/tpd/logos/65b13c2dc6a35da1c07dcce1/0x0.png,0,0.0,"{'address': '14105 McCormick Drive', 'city': 'Tampa', 'zipCode': '33626', 'country': 'United States'}",False,"{'website': 'http://onmed.com', 'email': 'info@onmed.com', 'phone': '7276014513'}","[{'categoryId': 'community_health_center', 'displayName': 'Community Health Centre', 'isPredicted': False}, {'categoryId': 'walk_in_clinic', 'displayName': 'Walk-In Clinic', 'isPredicted': False}]"
315,617fd4b3150165c2590b70b7,0.0,curpoint.com,Curpoint,,0,0.0,"{'address': None, 'city': None, 'zipCode': None, 'country': 'United States'}",False,"{'website': 'http://curpoint.com', 'email': None, 'phone': None}","[{'categoryId': 'medical_clinic', 'displayName': 'Medical Clinic', 'isPredicted': False}, {'categoryId': 'orthopedic_clinic', 'displayName': 'Orthopedic Clinic', 'isPredicted': False}]"
316,5f4d41a19499b60001b585c4,0.0,ifixspines.com,SPINE,//s3-eu-west-1.amazonaws.com/tpd/logos/5f4d41a19499b60001b585c4/0x0.png,0,0.0,"{'address': '4700 Von Karman', 'city': 'Newport Beach', 'zipCode': '92660', 'country': 'United States'}",False,"{'website': 'http://ifixspines.com', 'email': 'gotpain@ifixspines.com', 'phone': '9493646888'}","[{'categoryId': 'medical_clinic', 'displayName': 'Medical Clinic', 'isPredicted': False}]"
317,653ab8512634c98aa863578c,0.0,indymyopain.com,Indy Myopain Relief Center,//s3-eu-west-1.amazonaws.com/tpd/logos/653ab8512634c98aa863578c/0x0.png,0,0.0,"{'address': '10291 North Meridian Street', 'city': 'Carmel', 'zipCode': '46290', 'country': 'United States'}",False,"{'website': 'http://indymyopain.com', 'email': 'steve@indymyopain.com', 'phone': '3179730888'}","[{'categoryId': 'pain_control_clinic', 'displayName': 'Pain Control Clinic', 'isPredicted': False}]"
318,63060ecc095895a1acc7a7c7,0.0,alprax.weebly.com,Alprax: Buy Alprazolam Online,//s3-eu-west-1.amazonaws.com/tpd/logos/63060ecc095895a1acc7a7c7/0x0.png,0,0.0,"{'address': '160 E Erie Ave, Philadelphia', 'city': 'Philadelphia', 'zipCode': '19134', 'country': 'United States'}",False,"{'website': 'http://alprax.weebly.com', 'email': 'sales@medicalpharmacyusa.com', 'phone': '+19095094050'}","[{'categoryId': 'online_pharmacy', 'displayName': 'Online Pharmacy', 'isPredicted': False}, {'categoryId': 'medical_clinic', 'displayName': 'Medical Clinic', 'isPredicted': False}, {'categoryId': 'health_and_beauty_shop', 'displayName': 'Health and Beauty Shop', 'isPredicted': False}, {'categoryId': 'drugstore', 'displayName': 'Drug Store', 'isPredicted': False}, {'categoryId': 'pharmaceutical_company', 'displayName': 'Pharmaceutical Company', 'isPredicted': False}]"
319,62e576a8bce119780b993f25,0.0,newfaceny.com,New Face NY,,0,0.0,"{'address': None, 'city': None, 'zipCode': None, 'country': 'United States'}",False,"{'website': 'http://newfaceny.com', 'email': None, 'phone': None}","[{'categoryId': 'medical_clinic', 'displayName': 'Medical Clinic', 'isPredicted': False}]"
320,5db6b9129f1df400014d27e9,0.0,www.advancedmenstrualcarecenter.com,Advanced Menstrual Care Center,//s3-eu-west-1.amazonaws.com/tpd/logos/5db6b9129f1df400014d27e9/0x0.png,0,0.0,"{'address': '8601 La Salle Rd, Ste 104', 'city': 'Towson', 'zipCode': '21286', 'country': 'United States'}",False,"{'website': 'http://www.advancedmenstrualcarecenter.com', 'email': 'tttucker@advancedmenstrualcarecenter.com', 'phone': '4103372622'}","[{'categoryId': 'obstetrics_gynecology_clinic', 'displayName': ""Women's Health Clinic"", 'isPredicted': False}, {'categoryId': 'medical_office', 'displayName': 'Medical Office', 'isPredicted': False}]"
321,6587b57c73fd8f0dae938123,0.0,sereneprana.com,Sereneprana,//s3-eu-west-1.amazonaws.com/tpd/logos/6587b57c73fd8f0dae938123/0x0.png,0,0.0,"{'address': '4695 Chabot Dr, Suite #200', 'city': 'Pleasanton', 'zipCode': '94558', 'country': 'United States'}",False,"{'website': 'http://sereneprana.com', 'email': 'info@sereneprana.com', 'phone': None}","[{'categoryId': 'holistic_medicine_practitioner', 'displayName': 'Holistic Medicine Practitioner', 'isPredicted': False}]"
322,63c3b45444cafa9d5a722c50,0.0,fsrxhub.com,FourSquare Rx Hub,//s3-eu-west-1.amazonaws.com/tpd/logos/63c3b45444cafa9d5a722c50/0x0.png,0,0.0,"{'address': '2732 Trollie Ln', 'city': 'Jacksonville', 'zipCode': '32211', 'country': 'United States'}",False,"{'website': 'http://fsrxhub.com', 'email': 'info@fsrxhub.com', 'phone': '8778111129'}","[{'categoryId': 'medical_clinic', 'displayName': 'Medical Clinic', 'isPredicted': False}]"
323,64b3107b9abc8aaa57e5df93,0.0,newyorkpaindoctors.com,NYPMD New York Accident Doctors,//s3-eu-west-1.amazonaws.com/tpd/logos/64b3107b9abc8aaa57e5df93/0x0.png,0,0.0,"{'address': '127 E 107th St,', 'city': 'New York', 'zipCode': '10029', 'country': 'United States'}",False,"{'website': 'http://newyorkpaindoctors.com', 'email': 'info@newyorkpaindoctors.com', 'phone': ' 888-982-4846'}","[{'categoryId': 'physiotherapy_center', 'displayName': 'Physical Therapy Clinic', 'isPredicted': False}, {'categoryId': 'doctor', 'displayName': 'Doctor', 'isPredicted': False}, {'categoryId': 'local_medical_services', 'displayName': 'Local Medical Service', 'isPredicted': False}, {'categoryId': 'pain_management_physician', 'displayName': 'Pain Management Physician', 'isPredicted': False}, {'categoryId': 'orthopedic_clinic', 'displayName': 'Orthopedic Clinic', 'isPredicted': False}, {'categoryId': 'orthopedic_surgeon', 'displayName': 'Orthopedic Surgeon', 'isPredicted': False}]"
324,649b9cbdc113a6f575998dfb,0.0,othera.co,oThera,//s3-eu-west-1.amazonaws.com/tpd/logos/649b9cbdc113a6f575998dfb/0x0.png,0,0.0,"{'address': None, 'city': None, 'zipCode': None, 'country': 'United States'}",False,"{'website': 'http://othera.co', 'email': 'support@othera.co', 'phone': None}","[{'categoryId': 'physiotherapy_center', 'displayName': 'Physical Therapy Clinic', 'isPredicted': False}]"
325,64b15ac4a82e61628f53a65a,0.0,betterhealthpt.com,Better Health Physical Therapy,//s3-eu-west-1.amazonaws.com/tpd/logos/64b15ac4a82e61628f53a65a/0x0.png,0,0.0,"{'address': '3720 Farragut Ave Suite 200', 'city': 'Kensington', 'zipCode': '20895', 'country': 'United States'}",False,"{'website': 'https://www.betterhealthpt.com', 'email': 'tamika@betterhealthpt.com', 'phone': '+1-240-247-0990'}","[{'categoryId': 'physiotherapy_center', 'displayName': 'Physical Therapy Clinic', 'isPredicted': False}]"
326,6530f2a8e91be04dad4daefb,0.0,dronline.com,dronline.com,,0,0.0,"{'address': None, 'city': None, 'zipCode': None, 'country': 'United States'}",False,"{'website': 'http://dronline.com', 'email': None, 'phone': None}","[{'categoryId': 'medical_clinic', 'displayName': 'Medical Clinic', 'isPredicted': False}, {'categoryId': 'mental_health_service', 'displayName': 'Mental Health Service', 'isPredicted': False}, {'categoryId': 'doctor', 'displayName': 'Doctor', 'isPredicted': False}]"
327,5da9edaa8b173d0001fbd6b5,0.0,www.spinewellnesscincinnati.com,Spine And Wellness Cincinnati,,0,0.0,"{'address': '7809 Laurel Ave. Ste. 11', 'city': 'Cincinnati', 'zipCode': '45243', 'country': 'United States'}",False,"{'website': 'http://www.spinewellnesscincinnati.com', 'email': 'contact@spinewellnesscincinnati.com', 'phone': '513-428-9355'}","[{'categoryId': 'holistic_medicine_practitioner', 'displayName': 'Holistic Medicine Practitioner', 'isPredicted': False}, {'categoryId': 'medical_group', 'displayName': 'Medical Group', 'isPredicted': False}, {'categoryId': 'doctor', 'displayName': 'Doctor', 'isPredicted': False}, {'categoryId': 'chiropractor', 'displayName': 'Chiropractor', 'isPredicted': False}, {'categoryId': 'acupuncturist', 'displayName': 'Acupuncturist', 'isPredicted': False}, {'categoryId': 'chinese_medicine_clinic', 'displayName': 'Chinese Medicine Clinic', 'isPredicted': False}]"
328,649a4fed60fbd236c5124a13,0.0,newregen.com,Newregen,//s3-eu-west-1.amazonaws.com/tpd/logos/649a4fed60fbd236c5124a13/0x0.png,0,0.0,"{'address': None, 'city': None, 'zipCode': None, 'country': 'United States'}",False,"{'website': 'http://newregen.com', 'email': None, 'phone': None}","[{'categoryId': 'alternative_medicine_practitioner', 'displayName': 'Alternative Medicine Practitioner', 'isPredicted': False}]"
329,60e56f27bb17b10001b45762,0.0,hghfor-sale.com,HFS Clinic,//s3-eu-west-1.amazonaws.com/tpd/logos/60e56f27bb17b10001b45762/0x0.png,0,0.0,"{'address': '2908 N Interstate Hwy 35', 'city': 'Austin, TX', 'zipCode': '78705', 'country': 'United States'}",False,"{'website': 'http://hghfor-sale.com', 'email': None, 'phone': '(979) 319-8983'}","[{'categoryId': 'medical_center', 'displayName': 'Medical Center', 'isPredicted': False}, {'categoryId': 'medical_clinic', 'displayName': 'Medical Clinic', 'isPredicted': False}]"
330,5d12ba5235edf70001b13d0d,0.0,wellspringclinic.com,Wellspring Clinic,//s3-eu-west-1.amazonaws.com/tpd/logos/5d12ba5235edf70001b13d0d/0x0.png,0,0.0,"{'address': '8580 E Shea Blvd', 'city': 'Scottsdale', 'zipCode': '85260', 'country': 'United States'}",False,"{'website': 'http://wellspringclinic.com', 'email': 'Support@wellspringclinic.com', 'phone': '480-946-9222'}","[{'categoryId': 'alternative_medicine_practitioner', 'displayName': 'Alternative Medicine Practitioner', 'isPredicted': False}]"
331,635644a0c5508bc6b4f314b4,0.0,marabrami.com,Marabrami,,0,0.0,"{'address': None, 'city': None, 'zipCode': None, 'country': 'United States'}",False,"{'website': 'http://marabrami.com', 'email': None, 'phone': None}","[{'categoryId': 'holistic_medicine_practitioner', 'displayName': 'Holistic Medicine Practitioner', 'isPredicted': False}, {'categoryId': 'meditation_center', 'displayName': 'Meditation Center', 'isPredicted': False}, {'categoryId': 'massage_therapist', 'displayName': 'Massage Therapist', 'isPredicted': False}, {'categoryId': 'wellness_center', 'displayName': 'Wellness Center', 'isPredicted': False}]"
332,61ff68d11df42add00bfca95,0.0,www.remedywellhealth.com,Remedy Well,//s3-eu-west-1.amazonaws.com/tpd/logos/61ff68d11df42add00bfca95/0x0.png,0,0.0,"{'address': None, 'city': None, 'zipCode': None, 'country': 'United States'}",False,"{'website': 'http://www.remedywellhealth.com', 'email': 'Care@remedywellhealth.com', 'phone': None}","[{'categoryId': 'medical_group', 'displayName': 'Medical Group', 'isPredicted': False}, {'categoryId': 'general_practitioner', 'displayName': 'General Practitioner', 'isPredicted': False}, {'categoryId': 'holistic_medicine_practitioner', 'displayName': 'Holistic Medicine Practitioner', 'isPredicted': False}, {'categoryId': 'fitness_and_nutrition_service', 'displayName': 'Fitness and Nutrition Service', 'isPredicted': False}, {'categoryId': 'wellness_program', 'displayName': 'Wellness Program', 'isPredicted': False}]"
333,63b2a2e4a7a2ce2d9482ec36,0.0,buygabapentinonlineovernight.blogspot.com,Buy Gabapentin Online Overnight | Gabapentin 800mg,//s3-eu-west-1.amazonaws.com/tpd/logos/63b2a2e4a7a2ce2d9482ec36/0x0.png,0,0.0,"{'address': 'FLORIDA', 'city': 'MIAMI', 'zipCode': '33133', 'country': 'United States'}",False,"{'website': 'https://americandawa.com/product-category/buy-gabapentin-online/', 'email': 'johncarter89789@gmail.com', 'phone': '+1 (281) 617-2662'}","[{'categoryId': 'alternative_medicine_practitioner', 'displayName': 'Alternative Medicine Practitioner', 'isPredicted': False}]"
334,65e2128590f62b0e4ff461ff,0.0,joinbliv.com,Bliv,//s3-eu-west-1.amazonaws.com/tpd/logos/65e2128590f62b0e4ff461ff/0x0.png,0,0.0,"{'address': '815 W Riverdale Rd. Ste 129', 'city': 'Ogden', 'zipCode': '84405', 'country': 'United States'}",False,"{'website': 'http://joinbliv.com', 'email': 'info@joinbliv.com', 'phone': '888-859-2882'}","[{'categoryId': 'pharmacy', 'displayName': 'Pharmacy', 'isPredicted': False}, {'categoryId': 'online_prescription_medication_vendor', 'displayName': 'Online Prescription Medication Vendor', 'isPredicted': False}, {'categoryId': 'online_pharmacy', 'displayName': 'Online Pharmacy', 'isPredicted': False}, {'categoryId': 'medical_clinic', 'displayName': 'Medical Clinic', 'isPredicted': False}, {'categoryId': 'alternative_medicine_practitioner', 'displayName': 'Alternative Medicine Practitioner', 'isPredicted': False}]"
335,65574cfdd688eb2232be26fc,0.0,pulseacuhealth.com,Pulse Acupuncture Williamsburg Brooklyn,//s3-eu-west-1.amazonaws.com/tpd/logos/65574cfdd688eb2232be26fc/0x0.png,0,0.0,"{'address': '109 N 12th St Suite 704', 'city': 'New York', 'zipCode': '11249', 'country': 'United States'}",False,"{'website': 'https://www.pulseacuhealth.com/', 'email': 'info@pulseacuhealth.com', 'phone': '973-330-6444'}","[{'categoryId': 'alternative_medicine_practitioner', 'displayName': 'Alternative Medicine Practitioner', 'isPredicted': False}, {'categoryId': 'acupuncture_clinic', 'displayName': 'Acupuncture Clinic', 'isPredicted': False}]"
336,65b13c2dc6a35da1c07dcce1,0.0,onmed.com,OnMed - The Anywhere Healthcare Solution,//s3-eu-west-1.amazonaws.com/tpd/logos/65b13c2dc6a35da1c07dcce1/0x0.png,0,0.0,"{'address': '14105 McCormick Drive', 'city': 'Tampa', 'zipCode': '33626', 'country': 'United States'}",False,"{'website': 'http://onmed.com', 'email': 'info@onmed.com', 'phone': '7276014513'}","[{'categoryId': 'community_health_center', 'displayName': 'Community Health Centre', 'isPredicted': False}, {'categoryId': 'walk_in_clinic', 'displayName': 'Walk-In Clinic', 'isPredicted': False}]"
337,636808fe7d74ca122b06fd9b,0.0,mmjcardiowa.com,Medical Marijuana Card Iowa,//s3-eu-west-1.amazonaws.com/tpd/logos/636808fe7d74ca122b06fd9b/0x0.png,0,0.0,"{'address': '1614 Commercial St', 'city': 'Iowa Falls', 'zipCode': '50126', 'country': 'United States'}",False,"{'website': 'http://mmjcardiowa.com', 'email': 'info@mmjcardiowa.om', 'phone': None}","[{'categoryId': 'alternative_medicine_practitioner', 'displayName': 'Alternative Medicine Practitioner', 'isPredicted': False}]"
338,6672253c7bd895a3a438fb04,0.0,angelcityva.com,Angelcityva,//s3-eu-west-1.amazonaws.com/tpd/logos/6672253c7bd895a3a438fb04/0x0.png,0,0.0,"{'address': '3333 Wilshire Blvd Ste 500 Los Angeles', 'city': 'Los Angeles', 'zipCode': 'CA 90010', 'country': 'United States'}",False,"{'website': 'http://angelcityva.com', 'email': None, 'phone': ' (213) 246-2985'}","[{'categoryId': 'medical_clinic', 'displayName': 'Medical Clinic', 'isPredicted': False}, {'categoryId': 'recruitment_service', 'displayName': 'Recruitment Service', 'isPredicted': False}]"
339,62e3f02c91d6b8dd4d976d40,0.0,medicalmex.com,medicalmex.com,//s3-eu-west-1.amazonaws.com/tpd/logos/62e3f02c91d6b8dd4d976d40/0x0.png,0,0.0,"{'address': None, 'city': None, 'zipCode': None, 'country': 'United States'}",False,"{'website': 'http://medicalmex.com', 'email': None, 'phone': None}","[{'categoryId': 'medical_office', 'displayName': 'Medical Office', 'isPredicted': False}, {'categoryId': 'travel_clinic', 'displayName': 'Travel Clinic', 'isPredicted': False}, {'categoryId': 'medical_technology_manufacturer', 'displayName': 'Medical Technology Manufacturer', 'isPredicted': False}, {'categoryId': 'travel_aggregator', 'displayName': 'Travel Aggregator', 'isPredicted': False}, {'categoryId': 'medical_center', 'displayName': 'Medical Center', 'isPredicted': False}]"
340,61799d883656528ca4ac54f8,0.0,elevationwellbeing.com,Elevation Wellbeing,,0,0.0,"{'address': '2115 Piedmont Rd, NE, Suite 104', 'city': 'Atlanta', 'zipCode': '30324', 'country': 'United States'}",False,"{'website': 'http://elevationwellbeing.com', 'email': 'hello@elev8tionwellbeing.com', 'phone': '(888) 805-9355'}","[{'categoryId': 'yoga_studio', 'displayName': 'Yoga Studio', 'isPredicted': False}, {'categoryId': 'health_spa', 'displayName': 'Health Spa', 'isPredicted': False}, {'categoryId': 'wellness_center', 'displayName': 'Wellness Center', 'isPredicted': False}, {'categoryId': 'massage_therapist', 'displayName': 'Massage Therapist', 'isPredicted': False}, {'categoryId': 'alternative_medicine_practitioner', 'displayName': 'Alternative Medicine Practitioner', 'isPredicted': False}, {'categoryId': 'wellness_program', 'displayName': 'Wellness Program', 'isPredicted': False}]"
341,667e824362e927323d4bb636,0.0,drcindicroft.com,Drcindicroft,,0,0.0,"{'address': '60 Commercial Street, Suite 303', 'city': 'Concord ', 'zipCode': '03301', 'country': 'United States'}",False,"{'website': 'http://drcindicroft.com', 'email': 'Info@drcindicroft.com', 'phone': '6032759585'}","[{'categoryId': 'wellness_center', 'displayName': 'Wellness Center', 'isPredicted': False}, {'categoryId': 'alternative_medicine_practitioner', 'displayName': 'Alternative Medicine Practitioner', 'isPredicted': False}, {'categoryId': 'holistic_medicine_practitioner', 'displayName': 'Holistic Medicine Practitioner', 'isPredicted': False}]"
342,62a748d49b055c3886b77863,0.0,battlegroundhealingarts.com,Battle Ground Healing Arts,//s3-eu-west-1.amazonaws.com/tpd/logos/62a748d49b055c3886b77863/0x0.png,0,0.0,"{'address': '408 E Main Street Suite101', 'city': 'BATTLE GROUND', 'zipCode': '98604', 'country': 'United States'}",False,"{'website': 'http://battlegroundhealingarts.com', 'email': 'bghealingarts.apothecary@gmail.com', 'phone': '360 687-4492 General Questions   360 340-9293 Scheduling and Insurance Questions'}","[{'categoryId': 'mental_health_clinic', 'displayName': 'Mental Health Clinic', 'isPredicted': False}, {'categoryId': 'naturopathic_practitioner', 'displayName': 'Naturopathic Practitioner', 'isPredicted': False}, {'categoryId': 'herbal_medicine_store', 'displayName': 'Herbal Medicine Store', 'isPredicted': False}, {'categoryId': 'acupuncture_clinic', 'displayName': 'Acupuncture Clinic', 'isPredicted': False}, {'categoryId': 'alternative_medicine_practitioner', 'displayName': 'Alternative Medicine Practitioner', 'isPredicted': False}, {'categoryId': 'family_practice_physician', 'displayName': 'Family Practice Physician', 'isPredicted': False}]"
343,614afb2c66c7ad001d488943,0.0,revivaivf.com,Reviva Infertility Clinic & IVF Centre,//s3-eu-west-1.amazonaws.com/tpd/logos/614afb2c66c7ad001d488943/0x0.png,0,0.0,"{'address': 'Ground, S.C.O 50-51, 9D, Madhya Marg', 'city': 'Chandigarh', 'zipCode': '160009', 'country': 'United States'}",False,"{'website': 'http://revivaivf.com', 'email': 'revivagynae@gmail.com', 'phone': '+91-9915004407'}","[{'categoryId': 'obstetrics_gynecology_clinic', 'displayName': ""Women's Health Clinic"", 'isPredicted': False}]"
344,61644f73e08994001e9495de,0.0,golitelipo.com,Go Lite Lipo Weight Loss Lounge,//s3-eu-west-1.amazonaws.com/tpd/logos/61644f73e08994001e9495de/0x0.png,0,0.0,"{'address': None, 'city': None, 'zipCode': None, 'country': 'United States'}",False,"{'website': 'http://golitelipo.com', 'email': None, 'phone': None}","[{'categoryId': 'holistic_medicine_practitioner', 'displayName': 'Holistic Medicine Practitioner', 'isPredicted': False}]"
345,65fc6ff8679b818e3fbf2ca6,0.0,reglow.com,Reglow,,0,0.0,"{'address': '175 pearl st', 'city': 'Brooklyn', 'zipCode': '11201', 'country': 'United States'}",False,"{'website': 'http://reglow.com', 'email': 'hello@reglow.com', 'phone': '(347) 518-1822'}","[{'categoryId': 'medical_clinic', 'displayName': 'Medical Clinic', 'isPredicted': False}]"
346,63879dcaf8677ccd8882790b,0.0,buysoma350mgonlin.blogspot.com,Buy Soma 350mg Online,//s3-eu-west-1.amazonaws.com/tpd/logos/63879dcaf8677ccd8882790b/0x0.png,0,0.0,"{'address': 'New York City', 'city': 'new york', 'zipCode': '10004', 'country': 'United States'}",False,"{'website': 'https://soma4ever.com/product/soma-350mg/', 'email': 'davidparker555000@gmail.com', 'phone': '2816172662'}","[{'categoryId': 'alternative_medicine_practitioner', 'displayName': 'Alternative Medicine Practitioner', 'isPredicted': False}]"
347,6515cac84f43e7c20ae1b02e,0.0,agoodvibes.com,GOOD VIBES Reiki Healing and Beyond,,0,0.0,"{'address': '30 Venetian Way', 'city': 'Miami Beach', 'zipCode': '33139', 'country': 'United States'}",False,"{'website': 'http://agoodvibes.com', 'email': 'contact@agoodvibes.com', 'phone': '+7865191770'}","[{'categoryId': 'reiki_therapist', 'displayName': 'Reiki Therapist', 'isPredicted': False}, {'categoryId': 'holistic_medicine_practitioner', 'displayName': 'Holistic Medicine Practitioner', 'isPredicted': False}, {'categoryId': 'psychic', 'displayName': 'Psychic', 'isPredicted': False}, {'categoryId': 'massage_spa', 'displayName': 'Massage Spa', 'isPredicted': False}, {'categoryId': 'mental_health_service', 'displayName': 'Mental Health Service', 'isPredicted': False}, {'categoryId': 'alternative_medicine_practitioner', 'displayName': 'Alternative Medicine Practitioner', 'isPredicted': False}]"
348,65ae50607a54ce9bbbf22fa3,0.0,marijuanacardbakersfield.com,Marijuana Card Bakersfield,//s3-eu-west-1.amazonaws.com/tpd/logos/65ae50607a54ce9bbbf22fa3/0x0.png,0,0.0,"{'address': '1031 34th St', 'city': 'Bakerfield', 'zipCode': '93301', 'country': 'United States'}",False,"{'website': 'http://marijuanacardbakersfield.com', 'email': None, 'phone': '6612156669'}","[{'categoryId': 'alternative_medicine_practitioner', 'displayName': 'Alternative Medicine Practitioner', 'isPredicted': False}, {'categoryId': 'medical_center', 'displayName': 'Medical Center', 'isPredicted': False}, {'categoryId': 'health_consultant', 'displayName': 'Health Consultant', 'isPredicted': False}]"
349,62f23824546f6ccfa972efca,0.0,hunterhouseclinic.com,hunterhouseclinic.com,,0,0.0,"{'address': None, 'city': None, 'zipCode': None, 'country': 'United States'}",False,"{'website': 'http://hunterhouseclinic.com', 'email': None, 'phone': None}","[{'categoryId': 'specialized_clinic', 'displayName': 'Specialized Clinic', 'isPredicted': False}, {'categoryId': 'skin_care_clinic', 'displayName': 'Skin Care Clinic', 'isPredicted': False}, {'categoryId': 'permanent_make_up_clinic', 'displayName': 'Permanent Make-Up Clinic', 'isPredicted': False}, {'categoryId': 'beauty_salon', 'displayName': 'Beauty Salon', 'isPredicted': False}, {'categoryId': 'massage_therapist', 'displayName': 'Massage Therapist', 'isPredicted': False}]"
350,63a566087a354d0fe57ca675,0.0,buy-tapentadol-online-in-usa.blogspot.com,Buy Tapentadol Online in Usa | Aspadol ,//s3-eu-west-1.amazonaws.com/tpd/logos/63a566087a354d0fe57ca675/0x0.png,0,0.0,"{'address': '381 Cantebury Drive', 'city': 'Lemoore', 'zipCode': '93245', 'country': 'United States'}",False,"{'website': 'https://pharmacy1990.com/product/tapentadol-100mg', 'email': 'jonjohnson247@aol.com', 'phone': '+1 (281) 617-2662'}","[{'categoryId': 'online_pharmacy', 'displayName': 'Online Pharmacy', 'isPredicted': False}, {'categoryId': 'public_health_department', 'displayName': 'Public Health Department', 'isPredicted': False}, {'categoryId': 'pharmaceutical_company', 'displayName': 'Pharmaceutical Company', 'isPredicted': False}, {'categoryId': 'health_and_beauty_shop', 'displayName': 'Health and Beauty Shop', 'isPredicted': False}, {'categoryId': 'alternative_medicine_practitioner', 'displayName': 'Alternative Medicine Practitioner', 'isPredicted': False}]"
351,650a96360184e505e2632fc0,0.0,on-mend.com,On Mend,//s3-eu-west-1.amazonaws.com/tpd/logos/650a96360184e505e2632fc0/0x0.png,0,0.0,"{'address': 'Santa Clara, California, United States', 'city': 'Santa Clara', 'zipCode': '95054', 'country': 'United States'}",False,"{'website': 'http://on-mend.com', 'email': 'info@on-mend.com', 'phone': None}","[{'categoryId': 'specialized_clinic', 'displayName': 'Specialized Clinic', 'isPredicted': False}, {'categoryId': 'free_clinic', 'displayName': 'Free Clinic', 'isPredicted': False}, {'categoryId': 'dental_clinic', 'displayName': 'Dental Clinic', 'isPredicted': False}, {'categoryId': 'internet_marketing_service', 'displayName': 'Internet Marketing Service', 'isPredicted': False}]"
352,65d0417d94da76c63888fb1d,0.0,octaviannaturalhealth.com,Octavian Natural Health,//s3-eu-west-1.amazonaws.com/tpd/logos/65d0417d94da76c63888fb1d/0x0.png,0,0.0,"{'address': '4155 Darley Ave', 'city': 'Boulder', 'zipCode': '80305', 'country': 'United States'}",False,"{'website': 'http://octaviannaturalhealth.com', 'email': 'hello@octaviannaturalhealth.com', 'phone': '720-213-6776'}","[{'categoryId': 'massage_therapist', 'displayName': 'Massage Therapist', 'isPredicted': False}, {'categoryId': 'wellness_program', 'displayName': 'Wellness Program', 'isPredicted': False}, {'categoryId': 'fitness_and_nutrition_service', 'displayName': 'Fitness and Nutrition Service', 'isPredicted': False}, {'categoryId': 'holistic_medicine_practitioner', 'displayName': 'Holistic Medicine Practitioner', 'isPredicted': False}, {'categoryId': 'doctor', 'displayName': 'Doctor', 'isPredicted': False}, {'categoryId': 'naturopathic_practitioner', 'displayName': 'Naturopathic Practitioner', 'isPredicted': False}]"
353,628308f452acfdec12c3b192,0.0,stopandregrow.com,Stop and Regrow,,0,0.0,"{'address': '2026 Broadway', 'city': 'Santa Monica', 'zipCode': '90404', 'country': 'United States'}",False,"{'website': 'http://stopandregrow.com', 'email': 'info@stopandregrow.com', 'phone': '3106014778'}","[{'categoryId': 'wellness_program', 'displayName': 'Wellness Program', 'isPredicted': False}, {'categoryId': 'holistic_medicine_practitioner', 'displayName': 'Holistic Medicine Practitioner', 'isPredicted': False}, {'categoryId': 'medical_clinic', 'displayName': 'Medical Clinic', 'isPredicted': False}]"
354,6585ac3273fd8f0dae935b1b,0.0,masmedrehab.com,MasMed Rehab,//s3-eu-west-1.amazonaws.com/tpd/logos/6585ac3273fd8f0dae935b1b/0x0.png,0,0.0,"{'address': '3181 Coral Way, 5th Floor', 'city': 'Miami', 'zipCode': '33155', 'country': 'United States'}",False,"{'website': 'http://masmedrehab.com', 'email': 'info@masmedrehab.com', 'phone': '7863769939'}","[{'categoryId': 'physiotherapy_center', 'displayName': 'Physical Therapy Clinic', 'isPredicted': False}]"
355,62056eaf2319ce92697397a5,0.0,curedose.com,CureDose.com,//s3-eu-west-1.amazonaws.com/tpd/logos/62056eaf2319ce92697397a5/0x0.png,0,0.0,"{'address': None, 'city': None, 'zipCode': None, 'country': 'United States'}",False,"{'website': 'http://curedose.com', 'email': 'help@curedose.com', 'phone': '(650) 600-6840'}","[{'categoryId': 'medical_clinic', 'displayName': 'Medical Clinic', 'isPredicted': False}, {'categoryId': 'std_clinic', 'displayName': 'STD Clinic', 'isPredicted': False}]"
356,5d1a2db23913d400016d93f2,0.0,hairanalysisuk.com,Hairanalysisuk,,0,0.0,"{'address': None, 'city': None, 'zipCode': None, 'country': 'United States'}",False,"{'website': 'http://hairanalysisuk.com', 'email': None, 'phone': None}","[{'categoryId': 'alternative_medicine_practitioner', 'displayName': 'Alternative Medicine Practitioner', 'isPredicted': False}, {'categoryId': 'nutritionist', 'displayName': 'Nutritionist', 'isPredicted': False}]"
357,63759494569a799b9f727f99,0.0,hopefamilyhealthcare.com,Hope Family Healthcare,//s3-eu-west-1.amazonaws.com/tpd/logos/63759494569a799b9f727f99/0x0.png,0,0.0,"{'address': '4160 Heritage Trace Parkway Suite 400', 'city': 'Keller', 'zipCode': '76244', 'country': 'United States'}",False,"{'website': 'http://hopefamilyhealthcare.com', 'email': 'hopefamilyhealthcare.com', 'phone': '817-431-6160'}","[{'categoryId': 'medical_clinic', 'displayName': 'Medical Clinic', 'isPredicted': False}]"
358,651a69254571cea0e10522bd,0.0,vitalitytestosteronereplacementtherapy.com,Vitality Testosterone Replacement Therapy,//s3-eu-west-1.amazonaws.com/tpd/logos/651a69254571cea0e10522bd/0x0.png,0,0.0,"{'address': '804 NE 125th St', 'city': 'North Miami', 'zipCode': '33161', 'country': 'United States'}",False,"{'website': 'http://vitalitytestosteronereplacementtherapy.com', 'email': 'info@vitalitytestosteronereplacementtherapy.com', 'phone': '1 561 782 9315'}","[{'categoryId': 'medical_clinic', 'displayName': 'Medical Clinic', 'isPredicted': False}]"
359,647f7c1670edebc1c8cdda44,0.0,hijama4all.com,Hijama4all,,0,0.0,"{'address': None, 'city': None, 'zipCode': None, 'country': 'United States'}",False,"{'website': 'http://hijama4all.com', 'email': None, 'phone': None}","[{'categoryId': 'holistic_medicine_practitioner', 'displayName': 'Holistic Medicine Practitioner', 'isPredicted': False}]"
360,62325f3976763552a17ccef7,0.0,healingprojectoc.com,Healing Project,//s3-eu-west-1.amazonaws.com/tpd/logos/62325f3976763552a17ccef7/0x0.png,0,0.0,"{'address': None, 'city': None, 'zipCode': None, 'country': 'United States'}",False,"{'website': 'http://healingprojectoc.com', 'email': None, 'phone': None}","[{'categoryId': 'holistic_medicine_practitioner', 'displayName': 'Holistic Medicine Practitioner', 'isPredicted': False}]"
361,5e4d476ad8807e0001b2113d,0.0,fountainofyoumd.com,Fountain of You MD,//s3-eu-west-1.amazonaws.com/tpd/logos/5e4d476ad8807e0001b2113d/0x0.png,0,0.0,"{'address': 'Virginia Beach Blvd 2859', 'city': 'Virginia Beach', 'zipCode': '23452', 'country': 'United States'}",False,"{'website': 'http://fountainofyoumd.com', 'email': None, 'phone': None}","[{'categoryId': 'specialized_clinic', 'displayName': 'Specialized Clinic', 'isPredicted': False}]"
362,63bca1d75e506563462cf61b,0.0,draubreyoliver.com,Dr Aubrey Oliver FMD,,0,0.0,"{'address': '1575 W Horizon Parkway', 'city': 'Henderson', 'zipCode': '89012', 'country': 'United States'}",False,"{'website': 'http://draubreyoliver.com', 'email': 'wellness@draubreyoliver.com', 'phone': '866 957 4702'}","[{'categoryId': 'holistic_medicine_practitioner', 'displayName': 'Holistic Medicine Practitioner', 'isPredicted': False}]"
363,65f94faa974914c9f3ab0636,0.0,advancedmedicalgroupnj.com,Advanced Medical Group,//s3-eu-west-1.amazonaws.com/tpd/logos/65f94faa974914c9f3ab0636/0x0.png,0,0.0,"{'address': '550 Newark Ave Suite 304, Jersey City, NJ 07306', 'city': 'Jersey City', 'zipCode': '07306', 'country': 'United States'}",False,"{'website': 'http://advancedmedicalgroupnj.com', 'email': 'aprabath@advancedmedicalgroupnj.com', 'phone': '(201)869-3737'}","[{'categoryId': 'medical_clinic', 'displayName': 'Medical Clinic', 'isPredicted': False}]"
364,5e76fa7f4936170001c0fd2d,0.0,www.epichealthsystems.com,Epic Urgent & Family,,0,0.0,"{'address': 'E Dundee Rd 770', 'city': 'Palatine', 'zipCode': '60074', 'country': 'United States'}",False,"{'website': 'http://www.epichealthsystems.com', 'email': None, 'phone': None}","[{'categoryId': 'walk_in_clinic', 'displayName': 'Walk-In Clinic', 'isPredicted': False}]"
365,62c4b7c2df5c33b608a4145b,0.0,zayacare.com,Zaya Care,//s3-eu-west-1.amazonaws.com/tpd/logos/62c4b7c2df5c33b608a4145b/0x0.png,0,0.0,"{'address': '335 Madison Ave', 'city': 'New York City', 'zipCode': '10017', 'country': 'United States'}",False,"{'website': 'http://zayacare.com', 'email': 'hello@zayacare.com', 'phone': '6464436113'}","[{'categoryId': 'obstetrics_gynecology_clinic', 'displayName': ""Women's Health Clinic"", 'isPredicted': False}]"
366,6213a889adefb1f2a7c9ea07,0.0,cbdproductsforyou.com,CBD Products For You,//s3-eu-west-1.amazonaws.com/tpd/logos/6213a889adefb1f2a7c9ea07/0x0.png,0,0.0,"{'address': '803 SANDBURG LN, PORT ST LUCIE, FL 34952', 'city': 'Port Saint Lucie', 'zipCode': '34952', 'country': 'United States'}",False,"{'website': 'http://cbdproductsforyou.com', 'email': 'online@cbdproductsforyou.com', 'phone': '5612347386'}","[{'categoryId': 'alternative_medicine_practitioner', 'displayName': 'Alternative Medicine Practitioner', 'isPredicted': False}]"
367,664e1ea6598c1c220e388181,0.0,webuyglucoseteststrips.com,Webuyglucoseteststrips.com,//s3-eu-west-1.amazonaws.com/tpd/logos/664e1ea6598c1c220e388181/0x0.png,0,0.0,"{'address': None, 'city': None, 'zipCode': None, 'country': 'United States'}",False,"{'website': 'http://webuyglucoseteststrips.com', 'email': None, 'phone': None}","[{'categoryId': 'diabetes_center', 'displayName': 'Diabetes Center', 'isPredicted': False}, {'categoryId': 'diabetes_equipment_supplier', 'displayName': 'Diabetes Equipment Supplier', 'isPredicted': False}, {'categoryId': 'medical_supply_store', 'displayName': 'Medical Supply Store', 'isPredicted': False}]"
368,65959aa56f5cd10ba149995e,0.0,wowhealingcare.com,"World of Wellness, Healing Care",,0,0.0,"{'address': '2125 S El Camino Real, Ste 200', 'city': 'Oceanside', 'zipCode': '92054', 'country': 'United States'}",False,"{'website': 'http://wowhealingcare.com', 'email': 'DrEdwards@wowhealingcare.com', 'phone': '7604254466'}","[{'categoryId': 'medical_clinic', 'displayName': 'Medical Clinic', 'isPredicted': False}]"
369,5dd714baaecdf10001c7dc42,0.0,themiracleplant.org,Themiracleplant,,0,0.0,"{'address': None, 'city': None, 'zipCode': None, 'country': 'United States'}",False,"{'website': 'http://themiracleplant.org', 'email': None, 'phone': None}","[{'categoryId': 'vitamin_and_supplements_store', 'displayName': 'Vitamin and Supplements Store', 'isPredicted': False}, {'categoryId': 'holistic_medicine_practitioner', 'displayName': 'Holistic Medicine Practitioner', 'isPredicted': False}, {'categoryId': 'health_consultant', 'displayName': 'Health Consultant', 'isPredicted': False}, {'categoryId': 'health_and_beauty_shop', 'displayName': 'Health and Beauty Shop', 'isPredicted': False}, {'categoryId': 'alternative_medicine_practitioner', 'displayName': 'Alternative Medicine Practitioner', 'isPredicted': False}, {'categoryId': 'herbal_medicine_store', 'displayName': 'Herbal Medicine Store', 'isPredicted': False}]"
370,5eea7249e1d635000162b939,0.0,dovacenter.com,Dova Center for Health and Healing,,0,0.0,"{'address': None, 'city': None, 'zipCode': None, 'country': 'United States'}",False,"{'website': 'http://dovacenter.com', 'email': None, 'phone': None}","[{'categoryId': 'acupuncturist', 'displayName': 'Acupuncturist', 'isPredicted': False}, {'categoryId': 'gynecologist', 'displayName': 'Obstetrician-Gynecologist', 'isPredicted': False}, {'categoryId': 'chinese_medicine_clinic', 'displayName': 'Chinese Medicine Clinic', 'isPredicted': False}, {'categoryId': 'acupuncture_clinic', 'displayName': 'Acupuncture Clinic', 'isPredicted': False}]"
371,62a5341527ee655c1226a88a,0.0,healingartsapothecary.org,BG Healing Arts Apothecary,//s3-eu-west-1.amazonaws.com/tpd/logos/62a5341527ee655c1226a88a/0x0.png,0,0.0,"{'address': '408 E MAIN ST, SUITE 108', 'city': 'Battle Ground', 'zipCode': '98604', 'country': 'United States'}",False,"{'website': 'http://healingartsapothecary.org', 'email': 'bghealingarts.apothecary@gmail.com', 'phone': '369 687-4492'}","[{'categoryId': 'fitness_and_nutrition_service', 'displayName': 'Fitness and Nutrition Service', 'isPredicted': False}, {'categoryId': 'alternative_medicine_practitioner', 'displayName': 'Alternative Medicine Practitioner', 'isPredicted': False}, {'categoryId': 'vitamin_and_supplements_store', 'displayName': 'Vitamin and Supplements Store', 'isPredicted': False}, {'categoryId': 'herbal_medicine_store', 'displayName': 'Herbal Medicine Store', 'isPredicted': False}, {'categoryId': 'health_and_beauty_shop', 'displayName': 'Health and Beauty Shop', 'isPredicted': False}]"
372,655ee05c4566964946df3b92,0.0,wellnessinyourhands.love,WIsH KC Massage & Reiki,//s3-eu-west-1.amazonaws.com/tpd/logos/655ee05c4566964946df3b92/0x0.png,0,0.0,"{'address': '7520 Shawnee Mission Parkway', 'city': 'Mission', 'zipCode': '66202', 'country': 'United States'}",False,"{'website': 'http://wellnessinyourhands.love', 'email': 'Bookit@wellnessinyourhands.love', 'phone': '9133863330'}","[{'categoryId': 'holistic_medicine_practitioner', 'displayName': 'Holistic Medicine Practitioner', 'isPredicted': False}, {'categoryId': 'wellness_center', 'displayName': 'Wellness Center', 'isPredicted': False}, {'categoryId': 'community_health_center', 'displayName': 'Community Health Centre', 'isPredicted': False}, {'categoryId': 'massage_therapist', 'displayName': 'Massage Therapist', 'isPredicted': False}, {'categoryId': 'reiki_therapist', 'displayName': 'Reiki Therapist', 'isPredicted': False}]"
373,64c33ea3fa30517b192bd020,0.0,hypnoticgate.com,Hypnotic Gate,//s3-eu-west-1.amazonaws.com/tpd/logos/64c33ea3fa30517b192bd020/0x0.png,0,0.0,"{'address': '3360 Payne Street, Austin, Texas', 'city': 'Austin', 'zipCode': '78701', 'country': 'United States'}",False,"{'website': 'http://hypnoticgate.com', 'email': 'jennifer@hypnoticgate.com', 'phone': None}","[{'categoryId': 'alternative_medicine_practitioner', 'displayName': 'Alternative Medicine Practitioner', 'isPredicted': False}]"
374,5c3cc7c026af4d0001510fcd,0.0,industrialhearing.net,Industrial Hearing & Pulmonary Mgmt.,,0,0.0,"{'address': 'Woodlawn St 1846', 'city': 'Upland', 'zipCode': '91786', 'country': 'United States'}",False,"{'website': 'http://industrialhearing.net', 'email': None, 'phone': None}","[{'categoryId': 'travel_clinic', 'displayName': 'Travel Clinic', 'isPredicted': False}]"
375,6628f464f9e7d59e03685f17,0.0,crossupchiro.com,Cross-Up Chiropractic - Acupuncture,,0,0.0,"{'address': '1025 W Park Ave', 'city': 'Libertyville', 'zipCode': '60048', 'country': 'United States'}",False,"{'website': 'http://crossupchiro.com', 'email': 'painfree@crossupchiro.com', 'phone': '847-984-2702'}","[{'categoryId': 'acupuncture_clinic', 'displayName': 'Acupuncture Clinic', 'isPredicted': False}]"
376,5e8cfcd6fe45340001608349,0.0,doctormonicaxu.com,"Dr. Monica Xu, ND",,0,0.0,"{'address': '2825 Tahquitz Canyon Way Building A', 'city': 'Palm Springs', 'zipCode': '92262', 'country': 'United States'}",False,"{'website': 'http://doctormonicaxu.com', 'email': 'monica.nd.pslei@gmail.com', 'phone': '7602378939'}","[{'categoryId': 'specialized_clinic', 'displayName': 'Specialized Clinic', 'isPredicted': False}]"
377,66114c94ab7363aa573fd56c,0.0,pptandfitness.com,PerformancePhysicalTherapy,//s3-eu-west-1.amazonaws.com/tpd/logos/66114c94ab7363aa573fd56c/0x0.png,0,0.0,"{'address': '720 Yorklyn Rd Ste 150', 'city': 'Hockessin', 'zipCode': '19707', 'country': 'United States'}",False,"{'website': 'http://pptandfitness.com', 'email': 'info@pptandfitness.com', 'phone': '302-234-2288'}","[{'categoryId': 'rehabilitation_center', 'displayName': 'Rehabilitation Center', 'isPredicted': False}, {'categoryId': 'physiotherapy_center', 'displayName': 'Physical Therapy Clinic', 'isPredicted': False}, {'categoryId': 'physiotherapist', 'displayName': 'Physical Therapist', 'isPredicted': False}]"
378,645881800a361cfabbdc83d4,0.0,buysoma350mgforsale.blogspot.com,BUY SOMA ONLINE - BUY SOMA 350MG ONLINE,//s3-eu-west-1.amazonaws.com/tpd/logos/645881800a361cfabbdc83d4/0x0.png,0,0.0,"{'address': 'Miami, Florida, United States', 'city': 'New York', 'zipCode': '10001', 'country': 'United States'}",False,"{'website': 'https://www.legalmedsguru.com/product-category/buy-soma-online/', 'email': 'jhoncharlliee02@gmail.com', 'phone': '7868021504'}","[{'categoryId': 'alternative_medicine_practitioner', 'displayName': 'Alternative Medicine Practitioner', 'isPredicted': False}]"
379,6335e85bf6c97bb4adc50725,0.0,menzclinic.com,Menzclinic,//s3-eu-west-1.amazonaws.com/tpd/logos/6335e85bf6c97bb4adc50725/0x0.png,0,0.0,"{'address': None, 'city': None, 'zipCode': None, 'country': 'United States'}",False,"{'website': 'http://menzclinic.com', 'email': None, 'phone': None}","[{'categoryId': 'health_spa', 'displayName': 'Health Spa', 'isPredicted': False}, {'categoryId': 'facial_spa', 'displayName': 'Facial Spa', 'isPredicted': False}, {'categoryId': 'wellness_center', 'displayName': 'Wellness Center', 'isPredicted': False}, {'categoryId': 'obstetrics_gynecology_clinic', 'displayName': ""Women's Health Clinic"", 'isPredicted': False}]"
380,5e578dbf1d562000013da11c,0.0,dreammerchant.shop,The Dream Merchant's Shop,//s3-eu-west-1.amazonaws.com/tpd/logos/5e578dbf1d562000013da11c/0x0.png,0,0.0,"{'address': None, 'city': None, 'zipCode': None, 'country': 'United States'}",False,"{'website': 'https://dreammerchant.shop', 'email': 'contact@dreammerchant.shop', 'phone': None}","[{'categoryId': 'life_coach', 'displayName': 'Life Coach', 'isPredicted': False}, {'categoryId': 'blogger', 'displayName': 'Blogger', 'isPredicted': False}, {'categoryId': 'herbal_medicine_store', 'displayName': 'Herbal Medicine Store', 'isPredicted': False}, {'categoryId': 'alternative_medicine_practitioner', 'displayName': 'Alternative Medicine Practitioner', 'isPredicted': False}, {'categoryId': 'herbalist', 'displayName': 'Herbalist', 'isPredicted': False}, {'categoryId': 'holistic_medicine_practitioner', 'displayName': 'Holistic Medicine Practitioner', 'isPredicted': False}]"
381,5d4873fe3a623200017a0071,0.0,niazmed.com,NMS Pediatrics,,0,0.0,"{'address': '113th Street 104-14', 'city': 'South Richmond Hill, NY', 'zipCode': '11419', 'country': 'United States'}",False,"{'website': 'http://niazmed.com', 'email': 'a.paul@niazmed.com', 'phone': ' (718) 835-2254'}","[{'categoryId': 'physical_examination_center', 'displayName': 'Physical Examination Center', 'isPredicted': False}, {'categoryId': 'pediatrician', 'displayName': 'Pediatrician', 'isPredicted': False}]"
382,6454c6cf6b48dfa04a368b8e,0.0,buylevitra10mg.blogspot.com,BUY LEVITRA ONLINE - BUY LEVITRA ONLINE CHEAP,//s3-eu-west-1.amazonaws.com/tpd/logos/6454c6cf6b48dfa04a368b8e/0x0.png,0,0.0,"{'address': 'New York, NY', 'city': 'New York', 'zipCode': '10001', 'country': 'United States'}",False,"{'website': 'https://www.legalmedsguru.com/product-category/buy-levitra-online/', 'email': 'jhoncharlliee02@gmail.com', 'phone': '07868021504'}","[{'categoryId': 'alternative_medicine_practitioner', 'displayName': 'Alternative Medicine Practitioner', 'isPredicted': False}]"
383,62f6d21ae085e26342c13a02,0.0,abundanthealthvitality.com,abundanthealthvitality.com,,0,0.0,"{'address': '5970 Fairview Rd Suite 700 ', 'city': 'Charlotte ', 'zipCode': '28210 ', 'country': 'United States'}",False,"{'website': 'http://abundanthealthvitality.com', 'email': 'info@abundanthealthvitality.com', 'phone': '7049979661  '}","[{'categoryId': 'doctor', 'displayName': 'Doctor', 'isPredicted': False}, {'categoryId': 'medical_clinic', 'displayName': 'Medical Clinic', 'isPredicted': False}, {'categoryId': 'specialized_clinic', 'displayName': 'Specialized Clinic', 'isPredicted': False}, {'categoryId': 'weight_loss_service', 'displayName': 'Weight Loss Service', 'isPredicted': False}]"
384,5f2b6216d70c160001119551,0.0,aquadraticllp.com,Aquadraticllp,,0,0.0,"{'address': '2720 Collins Avenue', 'city': 'Miami Beach', 'zipCode': '33140', 'country': 'United States'}",False,"{'website': 'http://aquadraticllp.com', 'email': 'info@aquadraticllp.com', 'phone': '3054795841'}","[{'categoryId': 'tax_preparation_service', 'displayName': 'Tax Preparation Service', 'isPredicted': False}, {'categoryId': 'certified_public_accountant', 'displayName': 'Certified Public Accountant', 'isPredicted': False}, {'categoryId': 'business_administration_service', 'displayName': 'Business Administration Service', 'isPredicted': False}, {'categoryId': 'physiotherapy_center', 'displayName': 'Physical Therapy Clinic', 'isPredicted': False}, {'categoryId': 'real_estate_consultant', 'displayName': 'Real Estate Consultant', 'isPredicted': False}]"
385,61716fb87c8d9271cbf410e2,0.0,mymenopauserx.com,Mymenopauserx,//s3-eu-west-1.amazonaws.com/tpd/logos/61716fb87c8d9271cbf410e2/0x0.png,0,0.0,"{'address': None, 'city': None, 'zipCode': None, 'country': 'United States'}",False,"{'website': 'http://mymenopauserx.com', 'email': None, 'phone': None}","[{'categoryId': 'obstetrics_gynecology_clinic', 'displayName': ""Women's Health Clinic"", 'isPredicted': False}]"
386,63f80463c7aa73abd87504c2,0.0,corepromise.com,Core Promise,//s3-eu-west-1.amazonaws.com/tpd/logos/63f80463c7aa73abd87504c2/0x0.png,0,0.0,"{'address': '41 Madison Avenue', 'city': 'New York', 'zipCode': '10010', 'country': 'United States'}",False,"{'website': 'http://corepromise.com', 'email': 'contact@corepromise.com', 'phone': '(628) 259-8587'}","[{'categoryId': 'medical_center', 'displayName': 'Medical Center', 'isPredicted': False}, {'categoryId': 'hair_transplantation_clinic', 'displayName': 'Hair Transplantation Clinic', 'isPredicted': False}, {'categoryId': 'plastic_surgery_clinic', 'displayName': 'Plastic Surgery Clinic', 'isPredicted': False}, {'categoryId': 'medical_clinic', 'displayName': 'Medical Clinic', 'isPredicted': False}, {'categoryId': 'plastic_surgeon', 'displayName': 'Plastic Surgeon', 'isPredicted': False}]"
387,63eca96b1a27b47c28162f34,0.0,buyambienonlinenoprescription.blogspot.com,Buy ambien online no prescription,//s3-eu-west-1.amazonaws.com/tpd/logos/63eca96b1a27b47c28162f34/0x0.png,0,0.0,"{'address': 'MIAMI', 'city': 'MIAMI', 'zipCode': '33133', 'country': 'United States'}",False,"{'website': 'https://buysomameds.com/', 'email': 'davidsmith987765@gmail.com', 'phone': '+1 (786) 802 1504'}","[{'categoryId': 'alternative_medicine_practitioner', 'displayName': 'Alternative Medicine Practitioner', 'isPredicted': False}]"
388,636d46fc6f1b8055f1e48e98,0.0,evocentrix.com,Dr. Luke Tera: Evocentrix Wellness,//s3-eu-west-1.amazonaws.com/tpd/logos/636d46fc6f1b8055f1e48e98/0x0.png,0,0.0,"{'address': '3330 Eldorado Springs Drive', 'city': 'Eldorado Springs', 'zipCode': '80025', 'country': 'United States'}",False,"{'website': 'http://evocentrix.com', 'email': 'luke@evocentrix.com', 'phone': '9702059268'}","[{'categoryId': 'holistic_medicine_practitioner', 'displayName': 'Holistic Medicine Practitioner', 'isPredicted': False}]"
389,6040b19c856ba50001768595,0.0,drmeghanapande.com,Life Care Clinic,//s3-eu-west-1.amazonaws.com/tpd/logos/6040b19c856ba50001768595/0x0.png,0,0.0,"{'address': None, 'city': None, 'zipCode': None, 'country': 'United States'}",False,"{'website': 'https://www.drmeghanapande.com/', 'email': None, 'phone': None}","[{'categoryId': 'physician_referral_service', 'displayName': 'Physician Referral Service', 'isPredicted': False}, {'categoryId': 'infectious_disease_physician', 'displayName': 'Infectious Disease Physician', 'isPredicted': False}, {'categoryId': 'diabetes_center', 'displayName': 'Diabetes Center', 'isPredicted': False}, {'categoryId': 'emergency_care_physician', 'displayName': 'Emergency Care Physician', 'isPredicted': False}]"
390,62da2ac4e4a52c267fe6b350,0.0,merulli.com,Merulli Acupuncture & Wellness,,0,0.0,"{'address': '509 Olive Way #1658', 'city': 'Seattle', 'zipCode': '98101', 'country': 'United States'}",False,"{'website': 'http://merulli.com', 'email': 'qi@merulli.com', 'phone': '2063883349'}","[{'categoryId': 'medical_clinic', 'displayName': 'Medical Clinic', 'isPredicted': False}, {'categoryId': 'acupuncturist', 'displayName': 'Acupuncturist', 'isPredicted': False}, {'categoryId': 'acupuncture_clinic', 'displayName': 'Acupuncture Clinic', 'isPredicted': False}]"
391,65b6cf9577b6a715fafe5099,0.0,amarawellness.org,Amara Wellness Services,,0,0.0,"{'address': '5108 Reagan Dr #9', 'city': 'North Carolina', 'zipCode': '28206', 'country': 'United States'}",False,"{'website': 'http://amarawellness.org', 'email': 'marketing@amarawellness.org', 'phone': '+1 704-567-0790'}","[{'categoryId': 'physiotherapy_center', 'displayName': 'Physical Therapy Clinic', 'isPredicted': False}]"
392,63e9cd5dc41515f5fcf3e6b9,0.0,buyalprazolam1mg.blogspot.com,BUY ALPRAZOLAM ONLINE | ALPRAZOLAM 1MG CHEAP,//s3-eu-west-1.amazonaws.com/tpd/logos/63e9cd5dc41515f5fcf3e6b9/0x0.png,0,0.0,"{'address': 'New York, NY', 'city': 'New York', 'zipCode': '10001', 'country': 'United States'}",False,"{'website': 'https://orderpillsusa.com/product-category/buy-alprazolam-online/', 'email': 'titoxe1641@areosur.com', 'phone': '7868021504'}","[{'categoryId': 'alternative_medicine_practitioner', 'displayName': 'Alternative Medicine Practitioner', 'isPredicted': False}, {'categoryId': 'health_and_beauty_shop', 'displayName': 'Health and Beauty Shop', 'isPredicted': False}]"
393,64f1e88ed8bcf375957831ad,0.0,clinicahispanafamiliarrosenbergtexas.com,Clínica Hispana Familiar,//s3-eu-west-1.amazonaws.com/tpd/logos/64f1e88ed8bcf375957831ad/0x0.png,0,0.0,"{'address': '3926 Avenue H #15', 'city': 'Rosenberg, TX', 'zipCode': '77471', 'country': 'United States'}",False,"{'website': 'http://clinicahispanafamiliarrosenbergtexas.com', 'email': 'contact@clinicahispanafamiliarrosenbergtexas.com', 'phone': '2812328883'}","[{'categoryId': 'medical_clinic', 'displayName': 'Medical Clinic', 'isPredicted': False}]"
394,65dcde5febaa65e95e0659e9,0.0,bonitavistaacu.com,Bonita Vista Acupuncture,//s3-eu-west-1.amazonaws.com/tpd/logos/65dcde5febaa65e95e0659e9/0x0.png,0,0.0,"{'address': '1415 Ridgeback Rd', 'city': 'Chula Vista', 'zipCode': '91910', 'country': 'United States'}",False,"{'website': 'http://bonitavistaacu.com', 'email': 'hello@bonitavistaacu.com', 'phone': '6193560259'}","[{'categoryId': 'acupuncture_clinic', 'displayName': 'Acupuncture Clinic', 'isPredicted': False}]"
395,6335de47780bb1a0222915f9,0.0,docsofcannabis.com,docsofcannabis.com,,0,0.0,"{'address': '5929 N May Ave Ste 204', 'city': 'Oklahoma City', 'zipCode': '73112', 'country': 'United States'}",False,"{'website': 'http://docsofcannabis.com', 'email': 'info@docsofcannabis.com', 'phone': '405-367-5638'}","[{'categoryId': 'medical_clinic', 'displayName': 'Medical Clinic', 'isPredicted': False}]"
396,65257c99e7656131fde7320f,0.0,abbashealingarts.com,Abba's Healing Arts,//s3-eu-west-1.amazonaws.com/tpd/logos/65257c99e7656131fde7320f/0x0.png,0,0.0,"{'address': '14380 County Rd 22', 'city': 'Centre', 'zipCode': '35960', 'country': 'United States'}",False,"{'website': 'http://abbashealingarts.com', 'email': 'cfgossett@gmail.com', 'phone': '(205) 482-6279'}","[{'categoryId': 'alternative_medicine_practitioner', 'displayName': 'Alternative Medicine Practitioner', 'isPredicted': False}]"
397,622c5f8b6ab9aa3a76225e35,0.0,royalspinesurgery.com,Royal Spine Surgery,//s3-eu-west-1.amazonaws.com/tpd/logos/622c5f8b6ab9aa3a76225e35/0x0.png,0,0.0,"{'address': None, 'city': None, 'zipCode': None, 'country': 'United States'}",False,"{'website': 'http://royalspinesurgery.com', 'email': None, 'phone': None}","[{'categoryId': 'medical_clinic', 'displayName': 'Medical Clinic', 'isPredicted': False}]"
398,643d85db0ee2b3014e18141c,0.0,daisies.mx,daisies,//s3-eu-west-1.amazonaws.com/tpd/logos/643d85db0ee2b3014e18141c/0x0.png,0,0.0,"{'address': '4311 Gibson Street', 'city': 'Houston', 'zipCode': '77007', 'country': 'United States'}",False,"{'website': 'http://daisies.mx', 'email': 'catherine@daisies.mx', 'phone': None}","[{'categoryId': 'obstetrics_gynecology_clinic', 'displayName': ""Women's Health Clinic"", 'isPredicted': False}]"
399,603bab4364335d000159660c,0.0,steinerhealth.org,Steiner Health,,0,0.0,"{'address': '1422 W. Liberty St.', 'city': 'Ann Arbor', 'zipCode': '48103', 'country': 'United States'}",False,"{'website': 'http://steinerhealth.org', 'email': 'info@steinerhealth.org', 'phone': '734-222-1491'}","[{'categoryId': 'wellness_program', 'displayName': 'Wellness Program', 'isPredicted': False}, {'categoryId': 'doctor', 'displayName': 'Doctor', 'isPredicted': False}, {'categoryId': 'retreat_center', 'displayName': 'Retreat Center', 'isPredicted': False}, {'categoryId': 'alternative_medicine_practitioner', 'displayName': 'Alternative Medicine Practitioner', 'isPredicted': False}, {'categoryId': 'cancer_treatment_center', 'displayName': 'Cancer Treatment Center', 'isPredicted': False}, {'categoryId': 'wellness_center', 'displayName': 'Wellness Center', 'isPredicted': False}]"
400,63f80463c7aa73abd87504c2,0.0,corepromise.com,Core Promise,//s3-eu-west-1.amazonaws.com/tpd/logos/63f80463c7aa73abd87504c2/0x0.png,0,0.0,"{'address': '41 Madison Avenue', 'city': 'New York', 'zipCode': '10010', 'country': 'United States'}",False,"{'website': 'http://corepromise.com', 'email': 'contact@corepromise.com', 'phone': '(628) 259-8587'}","[{'categoryId': 'medical_center', 'displayName': 'Medical Center', 'isPredicted': False}, {'categoryId': 'hair_transplantation_clinic', 'displayName': 'Hair Transplantation Clinic', 'isPredicted': False}, {'categoryId': 'plastic_surgery_clinic', 'displayName': 'Plastic Surgery Clinic', 'isPredicted': False}, {'categoryId': 'medical_clinic', 'displayName': 'Medical Clinic', 'isPredicted': False}, {'categoryId': 'plastic_surgeon', 'displayName': 'Plastic Surgeon', 'isPredicted': False}]"
401,61716fb87c8d9271cbf410e2,0.0,mymenopauserx.com,Mymenopauserx,//s3-eu-west-1.amazonaws.com/tpd/logos/61716fb87c8d9271cbf410e2/0x0.png,0,0.0,"{'address': None, 'city': None, 'zipCode': None, 'country': 'United States'}",False,"{'website': 'http://mymenopauserx.com', 'email': None, 'phone': None}","[{'categoryId': 'obstetrics_gynecology_clinic', 'displayName': ""Women's Health Clinic"", 'isPredicted': False}]"
402,5e4d476ad8807e0001b2113d,0.0,fountainofyoumd.com,Fountain of You MD,//s3-eu-west-1.amazonaws.com/tpd/logos/5e4d476ad8807e0001b2113d/0x0.png,0,0.0,"{'address': 'Virginia Beach Blvd 2859', 'city': 'Virginia Beach', 'zipCode': '23452', 'country': 'United States'}",False,"{'website': 'http://fountainofyoumd.com', 'email': None, 'phone': None}","[{'categoryId': 'specialized_clinic', 'displayName': 'Specialized Clinic', 'isPredicted': False}]"
403,572a1a2b0000ff00058c6af2,0.0,philaaddictioncenter.com,Philadelphia Addiction Center,,0,0.0,"{'address': '2200 Michener street, Unit 112', 'city': 'PHILADELPHIA', 'zipCode': '19115', 'country': 'United States'}",False,"{'website': 'http://philaaddictioncenter.com', 'email': 'addiction@vivahealthylife.com', 'phone': '2679805720'}","[{'categoryId': 'acupuncture_clinic', 'displayName': 'Acupuncture Clinic', 'isPredicted': False}, {'categoryId': 'alcoholism_treatment_program', 'displayName': 'Alcoholism Treatment Program', 'isPredicted': False}, {'categoryId': 'hypnotherapy_service', 'displayName': 'Hypnotherapy Service', 'isPredicted': False}]"
404,603bab4364335d000159660c,0.0,steinerhealth.org,Steiner Health,,0,0.0,"{'address': '1422 W. Liberty St.', 'city': 'Ann Arbor', 'zipCode': '48103', 'country': 'United States'}",False,"{'website': 'http://steinerhealth.org', 'email': 'info@steinerhealth.org', 'phone': '734-222-1491'}","[{'categoryId': 'wellness_program', 'displayName': 'Wellness Program', 'isPredicted': False}, {'categoryId': 'doctor', 'displayName': 'Doctor', 'isPredicted': False}, {'categoryId': 'retreat_center', 'displayName': 'Retreat Center', 'isPredicted': False}, {'categoryId': 'alternative_medicine_practitioner', 'displayName': 'Alternative Medicine Practitioner', 'isPredicted': False}, {'categoryId': 'cancer_treatment_center', 'displayName': 'Cancer Treatment Center', 'isPredicted': False}, {'categoryId': 'wellness_center', 'displayName': 'Wellness Center', 'isPredicted': False}]"
405,63c708565857c9167222e370,0.0,acubalancechicago.com,Acupuncture for Balanced Wellness,//s3-eu-west-1.amazonaws.com/tpd/logos/63c708565857c9167222e370/0x0.png,0,0.0,"{'address': '223 W Jackson Blvd Suite 860', 'city': 'Chicago', 'zipCode': '60606', 'country': 'United States'}",False,"{'website': 'http://acubalancechicago.com', 'email': 'ang@acubalancechicago.com', 'phone': '3128905553'}","[{'categoryId': 'acupuncture_clinic', 'displayName': 'Acupuncture Clinic', 'isPredicted': False}]"
406,6335de47780bb1a0222915f9,0.0,docsofcannabis.com,docsofcannabis.com,,0,0.0,"{'address': '5929 N May Ave Ste 204', 'city': 'Oklahoma City', 'zipCode': '73112', 'country': 'United States'}",False,"{'website': 'http://docsofcannabis.com', 'email': 'info@docsofcannabis.com', 'phone': '405-367-5638'}","[{'categoryId': 'medical_clinic', 'displayName': 'Medical Clinic', 'isPredicted': False}]"
407,628c00a1d901abf0fd209ebb,0.0,timeaesthetics.uk,Time Aesthetics ,//s3-eu-west-1.amazonaws.com/tpd/logos/628c00a1d901abf0fd209ebb/0x0.png,0,0.0,"{'address': None, 'city': None, 'zipCode': None, 'country': 'United States'}",False,"{'website': 'http://timeaesthetics.uk', 'email': None, 'phone': None}","[{'categoryId': 'skin_care_clinic', 'displayName': 'Skin Care Clinic', 'isPredicted': False}, {'categoryId': 'medical_clinic', 'displayName': 'Medical Clinic', 'isPredicted': False}, {'categoryId': 'cosmetics_industry', 'displayName': 'Cosmetics Industry', 'isPredicted': False}]"
408,60ee84a5636512000146f4ed,0.0,thespineandrehabgroup.com,The Spine & Rehab Group,//s3-eu-west-1.amazonaws.com/tpd/logos/60ee84a5636512000146f4ed/0x0.png,0,0.0,"{'address': '140 NJ-17', 'city': 'Paramus', 'zipCode': '07652', 'country': 'United States'}",False,"{'website': 'https://www.thespineandrehabgroup.com', 'email': 'info@thespineandrehabgroup.com', 'phone': '(201) 523-9590'}","[{'categoryId': 'physiotherapy_center', 'displayName': 'Physical Therapy Clinic', 'isPredicted': False}, {'categoryId': 'pain_control_clinic', 'displayName': 'Pain Control Clinic', 'isPredicted': False}, {'categoryId': 'pain_management_physician', 'displayName': 'Pain Management Physician', 'isPredicted': False}, {'categoryId': 'sports_medicine_clinic', 'displayName': 'Sports Medicine Clinic', 'isPredicted': False}]"
409,663e3130d9478cfcb27fcb89,0.0,tmdtelehealth.com,TMD Telehealth,//s3-eu-west-1.amazonaws.com/tpd/logos/663e3130d9478cfcb27fcb89/0x0.png,0,0.0,"{'address': None, 'city': None, 'zipCode': None, 'country': 'United States'}",False,"{'website': 'http://tmdtelehealth.com', 'email': 'info@testmedclinic.com', 'phone': '832-810-4615'}","[{'categoryId': 'medical_clinic', 'displayName': 'Medical Clinic', 'isPredicted': False}, {'categoryId': 'medical_group', 'displayName': 'Medical Group', 'isPredicted': False}, {'categoryId': 'doctor', 'displayName': 'Doctor', 'isPredicted': False}, {'categoryId': 'medical_office', 'displayName': 'Medical Office', 'isPredicted': False}, {'categoryId': 'health_consultant', 'displayName': 'Health Consultant', 'isPredicted': False}]"
410,59267ec40000ff0005a32680,0.0,obgynecologistnyc.com,Manhattan Women's Health & Wellness,//s3-eu-west-1.amazonaws.com/tpd/logos/59267ec40000ff0005a32680/0x0.png,0,0.0,"{'address': '55 W 17th St Ste 104', 'city': 'New York', 'zipCode': '10011', 'country': 'United States'}",False,"{'website': 'https://www.obgynecologistnyc.com', 'email': 'info@obgynecologistnyc.com', 'phone': '(212) 378-9985'}","[{'categoryId': 'gynecologist', 'displayName': 'Obstetrician-Gynecologist', 'isPredicted': False}, {'categoryId': 'pregnancy_care_center', 'displayName': 'Pregnancy Care Center', 'isPredicted': False}, {'categoryId': 'obstetrics_gynecology_clinic', 'displayName': ""Women's Health Clinic"", 'isPredicted': False}]"
411,664a180967f971b2adf9b310,0.0,essencehealth.org,Essencehealth,//s3-eu-west-1.amazonaws.com/tpd/logos/664a180967f971b2adf9b310/0x0.png,0,0.0,"{'address': '12622 10 Mile Rd', 'city': 'South Lyon', 'zipCode': '48178-9141', 'country': 'United States'}",False,"{'website': 'http://essencehealth.org', 'email': 'Info@essencehealth.org', 'phone': '947-941-2270'}","[{'categoryId': 'weight_loss_service', 'displayName': 'Weight Loss Service', 'isPredicted': False}, {'categoryId': 'fitness_and_nutrition_service', 'displayName': 'Fitness and Nutrition Service', 'isPredicted': False}, {'categoryId': 'alternative_medicine_practitioner', 'displayName': 'Alternative Medicine Practitioner', 'isPredicted': False}, {'categoryId': 'holistic_medicine_practitioner', 'displayName': 'Holistic Medicine Practitioner', 'isPredicted': False}, {'categoryId': 'obstetrics_gynecology_clinic', 'displayName': ""Women's Health Clinic"", 'isPredicted': False}, {'categoryId': 'life_coach', 'displayName': 'Life Coach', 'isPredicted': False}]"
412,6675c6753dbe0eea036a7658,0.0,semaglutidescripts.com,Semaglutide Scripts LLC,//s3-eu-west-1.amazonaws.com/tpd/logos/6675c6753dbe0eea036a7658/0x0.png,0,0.0,"{'address': None, 'city': None, 'zipCode': None, 'country': 'United States'}",False,"{'website': 'http://semaglutidescripts.com', 'email': None, 'phone': None}","[{'categoryId': 'weight_loss_service', 'displayName': 'Weight Loss Service', 'isPredicted': False}, {'categoryId': 'online_prescription_medication_vendor', 'displayName': 'Online Prescription Medication Vendor', 'isPredicted': False}, {'categoryId': 'medical_clinic', 'displayName': 'Medical Clinic', 'isPredicted': False}, {'categoryId': 'doctor', 'displayName': 'Doctor', 'isPredicted': False}, {'categoryId': 'specialized_clinic', 'displayName': 'Specialized Clinic', 'isPredicted': False}, {'categoryId': 'fitness_and_nutrition_service', 'displayName': 'Fitness and Nutrition Service', 'isPredicted': False}]"
413,5d7958c2c62fd60001ba71cf,0.0,wellnessofbeing.life,Wellness of Being,//s3-eu-west-1.amazonaws.com/tpd/logos/5d7958c2c62fd60001ba71cf/0x0.png,0,0.0,"{'address': None, 'city': None, 'zipCode': None, 'country': 'United States'}",False,"{'website': 'http://wellnessofbeing.life', 'email': None, 'phone': None}","[{'categoryId': 'alternative_medicine_practitioner', 'displayName': 'Alternative Medicine Practitioner', 'isPredicted': False}]"
414,62b3572d789d489dfde54b98,0.0,mindbodymedical.net,Mind & Body Health,,0,0.0,"{'address': '901 Dover Drive, 214', 'city': 'Newport Beach', 'zipCode': '92660', 'country': 'United States'}",False,"{'website': 'http://mindbodymedical.net', 'email': 'admin@mindbodymedical.net', 'phone': '8669879875'}","[{'categoryId': 'medical_clinic', 'displayName': 'Medical Clinic', 'isPredicted': False}]"
415,637eee0c2e8f6ea435d2e17b,0.0,buytapentadolonlineover.blogspot.com,Buy Tapentadol Online Overnight Delivery,//s3-eu-west-1.amazonaws.com/tpd/logos/637eee0c2e8f6ea435d2e17b/0x0.png,0,0.0,"{'address': 'B3/HB Miami', 'city': 'Miami', 'zipCode': '10004', 'country': 'United States'}",False,"{'website': 'https://soma4ever.com/product/tapentadol-100mg/', 'email': 'davidparker555000@gmail.com', 'phone': '+1 (281) 617-2662'}","[{'categoryId': 'alternative_medicine_practitioner', 'displayName': 'Alternative Medicine Practitioner', 'isPredicted': False}]"
416,663ebf7b1f4ed4001ab7fe5b,0.0,bellamedicalassociates.com,Bella Medical Associates PLLC,,0,0.0,"{'address': '1939 E Main St 1039', 'city': 'Albemarle', 'zipCode': '28001', 'country': 'United States'}",False,"{'website': 'http://bellamedicalassociates.com', 'email': 'info@bellamedicalassociates.com', 'phone': '704-489-3408'}","[{'categoryId': 'alternative_medicine_practitioner', 'displayName': 'Alternative Medicine Practitioner', 'isPredicted': False}]"
417,66799b4b6aeeb912bdc5305b,0.0,ravenhealth.com,Raven Health,//s3-eu-west-1.amazonaws.com/tpd/logos/66799b4b6aeeb912bdc5305b/0x0.png,0,0.0,"{'address': None, 'city': None, 'zipCode': None, 'country': 'United States'}",False,"{'website': 'http://ravenhealth.com', 'email': None, 'phone': None}","[{'categoryId': 'software_company', 'displayName': 'Software Company', 'isPredicted': False}, {'categoryId': 'medical_clinic', 'displayName': 'Medical Clinic', 'isPredicted': False}]"
418,63173dde4f28cafd3dae6de3,0.0,bluetreeclinics.com,bluetreeclinics.com,,0,0.0,"{'address': None, 'city': None, 'zipCode': None, 'country': 'United States'}",False,"{'website': 'http://bluetreeclinics.com', 'email': None, 'phone': None}","[{'categoryId': 'physiotherapy_center', 'displayName': 'Physical Therapy Clinic', 'isPredicted': False}]"
419,62457655df51ec767728bc7f,0.0,nexiawellness.com,Nexia Wellness LLC,//s3-eu-west-1.amazonaws.com/tpd/logos/62457655df51ec767728bc7f/0x0.png,0,0.0,"{'address': '11501 Dublin Blvd Suite 200', 'city': 'Dublin', 'zipCode': '94568', 'country': 'United States'}",False,"{'website': 'https://www.nexiawellness.com/', 'email': 'contact@nexiawellness.com', 'phone': '(925) 230-2775'}","[{'categoryId': 'holistic_medicine_practitioner', 'displayName': 'Holistic Medicine Practitioner', 'isPredicted': False}, {'categoryId': 'health_consultant', 'displayName': 'Health Consultant', 'isPredicted': False}]"
420,62d71fe573c283fa84faff03,0.0,numberonelab.com,Numberonelab,//s3-eu-west-1.amazonaws.com/tpd/logos/62d71fe573c283fa84faff03/0x0.png,0,0.0,"{'address': '586 NW 27th St', 'city': 'Miami', 'zipCode': '33127', 'country': 'United States'}",False,"{'website': 'http://numberonelab.com', 'email': 'local@numberonelab.com', 'phone': '888-241-5227'}","[{'categoryId': 'medical_lab', 'displayName': 'Medical Laboratory', 'isPredicted': False}, {'categoryId': 'laboratory', 'displayName': 'Laboratory', 'isPredicted': False}, {'categoryId': 'medical_clinic', 'displayName': 'Medical Clinic', 'isPredicted': False}]"
421,64a5a56fb764014b60dfe430,0.0,codingwithraz.com,Codingwithraz,//s3-eu-west-1.amazonaws.com/tpd/logos/64a5a56fb764014b60dfe430/0x0.png,0,0.0,"{'address': None, 'city': None, 'zipCode': None, 'country': 'United States'}",False,"{'website': 'http://codingwithraz.com', 'email': None, 'phone': None}","[{'categoryId': 'digital_printing_service', 'displayName': 'Digital Printing Service', 'isPredicted': False}, {'categoryId': 'software_training_institute', 'displayName': 'Software Training Institute', 'isPredicted': False}, {'categoryId': 'acupuncture_clinic', 'displayName': 'Acupuncture Clinic', 'isPredicted': False}]"
422,623cb02e92d2923242cb5d73,0.0,spiritualherbalistdoctor.com,Spiritualherbalistdoctor,//s3-eu-west-1.amazonaws.com/tpd/logos/623cb02e92d2923242cb5d73/0x0.png,0,0.0,"{'address': None, 'city': None, 'zipCode': None, 'country': 'United States'}",False,"{'website': 'http://spiritualherbalistdoctor.com', 'email': None, 'phone': None}","[{'categoryId': 'clergyman', 'displayName': 'Clergyman', 'isPredicted': False}, {'categoryId': 'herbalist', 'displayName': 'Herbalist', 'isPredicted': False}, {'categoryId': 'spiritist_center', 'displayName': 'Spiritist Center', 'isPredicted': False}, {'categoryId': 'herbal_medicine_store', 'displayName': 'Herbal Medicine Store', 'isPredicted': False}, {'categoryId': 'holistic_medicine_practitioner', 'displayName': 'Holistic Medicine Practitioner', 'isPredicted': False}, {'categoryId': 'herb_shop', 'displayName': 'Herb Shop', 'isPredicted': False}]"
423,6308a004744ce9c5e2e2398e,0.0,kshamakulhalli.in,Kshamakulhalli,//s3-eu-west-1.amazonaws.com/tpd/logos/6308a004744ce9c5e2e2398e/0x0.png,0,0.0,"{'address': None, 'city': None, 'zipCode': None, 'country': 'United States'}",False,"{'website': 'http://kshamakulhalli.in', 'email': None, 'phone': None}","[{'categoryId': 'obstetrics_gynecology_clinic', 'displayName': ""Women's Health Clinic"", 'isPredicted': False}]"
424,623d7418d83c7b16d93e92b1,0.0,buyvaliumonsale.weebly.com,Buy Valium Online | Overnight Delivery ,//s3-eu-west-1.amazonaws.com/tpd/logos/623d7418d83c7b16d93e92b1/0x0.png,0,0.0,"{'address': None, 'city': None, 'zipCode': None, 'country': 'United States'}",False,"{'website': 'https://medsdaddy.com/product-category/anti-anxiety/buy-valium-online/', 'email': None, 'phone': None}","[{'categoryId': 'alternative_medicine_practitioner', 'displayName': 'Alternative Medicine Practitioner', 'isPredicted': False}]"
425,63ef743e31f80c12b6cd8c1e,0.0,healingtouchom.com,Healing Touch Oriental Medicine,//s3-eu-west-1.amazonaws.com/tpd/logos/63ef743e31f80c12b6cd8c1e/0x0.png,0,0.0,"{'address': '1831 N. Belcher Rd. C2', 'city': 'Clearwater', 'zipCode': '33765', 'country': 'United States'}",False,"{'website': 'http://healingtouchom.com', 'email': 'drmary@healingtouchom.com', 'phone': '7276696000'}","[{'categoryId': 'acupuncturist', 'displayName': 'Acupuncturist', 'isPredicted': False}, {'categoryId': 'oriental_medicine_clinic', 'displayName': 'Oriental Medicine Clinic', 'isPredicted': False}, {'categoryId': 'wellness_center', 'displayName': 'Wellness Center', 'isPredicted': False}, {'categoryId': 'acupuncture_clinic', 'displayName': 'Acupuncture Clinic', 'isPredicted': False}, {'categoryId': 'medical_office', 'displayName': 'Medical Office', 'isPredicted': False}]"
426,64a9f751d7a3e7d2cd5bf486,0.0,primespiritmedicine.com,Primespiritmedicine,,0,0.0,"{'address': '660 NE 78th St.', 'city': 'Miami', 'zipCode': '33138', 'country': 'United States'}",False,"{'website': 'http://primespiritmedicine.com', 'email': 'drnate@primespiritmedicine.com', 'phone': None}","[{'categoryId': 'alternative_medicine_practitioner', 'displayName': 'Alternative Medicine Practitioner', 'isPredicted': False}]"
427,62457655df51ec767728bc7f,0.0,nexiawellness.com,Nexia Wellness LLC,//s3-eu-west-1.amazonaws.com/tpd/logos/62457655df51ec767728bc7f/0x0.png,0,0.0,"{'address': '11501 Dublin Blvd Suite 200', 'city': 'Dublin', 'zipCode': '94568', 'country': 'United States'}",False,"{'website': 'https://www.nexiawellness.com/', 'email': 'contact@nexiawellness.com', 'phone': '(925) 230-2775'}","[{'categoryId': 'holistic_medicine_practitioner', 'displayName': 'Holistic Medicine Practitioner', 'isPredicted': False}, {'categoryId': 'health_consultant', 'displayName': 'Health Consultant', 'isPredicted': False}]"
428,63a56847b3f678ebda1007b6,0.0,hersmartchoice.com,Her Smart Choice,//s3-eu-west-1.amazonaws.com/tpd/logos/63a56847b3f678ebda1007b6/0x0.png,0,0.0,"{'address': 'East Los Angeles 2226 E Cesar Chavez Ave. Los Angeles, CA 90033', 'city': 'Los Angeles, CA', 'zipCode': '90033', 'country': 'United States'}",False,"{'website': 'http://hersmartchoice.com', 'email': 'jagdeep@hersmartchoice.com', 'phone': '3232509360'}","[{'categoryId': 'obstetrics_gynecology_clinic', 'displayName': ""Women's Health Clinic"", 'isPredicted': False}]"
429,621f9dfb3564daff48016856,0.0,cbdandhempwarehouse.com,CBD Fresno,,0,0.0,"{'address': '2329 E Ashlan Ave', 'city': 'Fresno', 'zipCode': '93726-3102', 'country': 'United States'}",False,"{'website': 'http://cbdandhempwarehouse.com', 'email': None, 'phone': '(800) 361-0484'}","[{'categoryId': 'alternative_medicine_practitioner', 'displayName': 'Alternative Medicine Practitioner', 'isPredicted': False}, {'categoryId': 'herbal_medicine_store', 'displayName': 'Herbal Medicine Store', 'isPredicted': False}]"
430,62153faf89423feabd68f2c9,0.0,thenutritionclinic.net,The Nutrition Clinic,//s3-eu-west-1.amazonaws.com/tpd/logos/62153faf89423feabd68f2c9/0x0.png,0,0.0,"{'address': '10570 S US Highway 1, Suite 300', 'city': 'Port St Lucie', 'zipCode': '34952', 'country': 'United States'}",False,"{'website': 'http://thenutritionclinic.net', 'email': 'hello@thenutritionclinic.net', 'phone': '772-878-8227'}","[{'categoryId': 'wellness_program', 'displayName': 'Wellness Program', 'isPredicted': False}, {'categoryId': 'health_consultant', 'displayName': 'Health Consultant', 'isPredicted': False}, {'categoryId': 'weight_loss_service', 'displayName': 'Weight Loss Service', 'isPredicted': False}, {'categoryId': 'fitness_and_nutrition_service', 'displayName': 'Fitness and Nutrition Service', 'isPredicted': False}, {'categoryId': 'diabetes_center', 'displayName': 'Diabetes Center', 'isPredicted': False}, {'categoryId': 'nutritionist', 'displayName': 'Nutritionist', 'isPredicted': False}]"
431,65efa2517bf946c4d53c3131,0.0,airspaceophthalmology.com,A.S.O._E,//s3-eu-west-1.amazonaws.com/tpd/logos/65efa2517bf946c4d53c3131/0x0.png,0,0.0,"{'address': None, 'city': None, 'zipCode': None, 'country': 'United States'}",False,"{'website': 'http://airspaceophthalmology.com', 'email': None, 'phone': None}","[{'categoryId': 'ophthalmology_clinic', 'displayName': 'Ophthalmology Clinic', 'isPredicted': False}]"
432,63503077f70528a25588eb92,0.0,zenmassageca.com,Zen Massage Therapy,,0,0.0,"{'address': '7118 Santa Teresa Blvd', 'city': 'San Jose', 'zipCode': '95139', 'country': 'United States'}",False,"{'website': 'http://zenmassageca.com', 'email': 'dmarc@zenmassageca.com', 'phone': '(408) 3001561'}","[{'categoryId': 'physiotherapy_center', 'displayName': 'Physical Therapy Clinic', 'isPredicted': False}]"
433,65f4b4c199c65c08383c4fd0,0.0,rechargephysicaltherapy.com,Recharge Physical Therapy & Wellness,,0,0.0,"{'address': '3491 UNIVERSITY DRIVE S', 'city': 'FARGO', 'zipCode': '58104', 'country': 'United States'}",False,"{'website': 'http://rechargephysicaltherapy.com', 'email': 'TARAJAEGER@RECHARGEPHYSICALTHERAPY.COM', 'phone': '7019229288'}","[{'categoryId': 'physiotherapy_center', 'displayName': 'Physical Therapy Clinic', 'isPredicted': False}]"
434,63173dde4f28cafd3dae6de3,0.0,bluetreeclinics.com,bluetreeclinics.com,,0,0.0,"{'address': None, 'city': None, 'zipCode': None, 'country': 'United States'}",False,"{'website': 'http://bluetreeclinics.com', 'email': None, 'phone': None}","[{'categoryId': 'physiotherapy_center', 'displayName': 'Physical Therapy Clinic', 'isPredicted': False}]"
435,6617ecdf6d372c9db30a6880,0.0,novafamilyhealth.com,NOVA Family Health,//s3-eu-west-1.amazonaws.com/tpd/logos/6617ecdf6d372c9db30a6880/0x0.png,0,0.0,"{'address': '4000 Legato Road', 'city': 'Fairfax', 'zipCode': '22033', 'country': 'United States'}",False,"{'website': 'https://novafamilyhealth.com/', 'email': 'madeleine.hao@novafamilyhealth.com', 'phone': '7034203267'}","[{'categoryId': 'obstetrics_gynecology_clinic', 'displayName': ""Women's Health Clinic"", 'isPredicted': False}, {'categoryId': 'psychiatrist', 'displayName': 'Psychiatrist', 'isPredicted': False}, {'categoryId': 'mental_health_clinic', 'displayName': 'Mental Health Clinic', 'isPredicted': False}]"
436,630fd3642379206e7db060c7,0.0,quantumhealernyc.com,Quantumhealernyc,//s3-eu-west-1.amazonaws.com/tpd/logos/630fd3642379206e7db060c7/0x0.png,0,0.0,"{'address': None, 'city': None, 'zipCode': None, 'country': 'United States'}",False,"{'website': 'http://quantumhealernyc.com', 'email': 'quantumhealernyc@gmail.com', 'phone': '6316401169'}","[{'categoryId': 'alternative_medicine_practitioner', 'displayName': 'Alternative Medicine Practitioner', 'isPredicted': False}, {'categoryId': 'holistic_medicine_practitioner', 'displayName': 'Holistic Medicine Practitioner', 'isPredicted': False}]"
437,61d87bd6a86dba820541d27d,0.0,inkfreemd.com,"Inkfree, MD Laser Clinic",,0,0.0,"{'address': '11240 FM 1960 Rd W, Ste 401', 'city': 'Houston', 'zipCode': '77065', 'country': 'United States'}",False,"{'website': 'https://www.inkfreemd.com', 'email': 'info@inkfreemd.com', 'phone': '(832) 478-5669'}","[{'categoryId': 'tattoo_removal_service', 'displayName': 'Tattoo Removal Service', 'isPredicted': False}, {'categoryId': 'medical_spa', 'displayName': 'Medical Spa', 'isPredicted': False}, {'categoryId': 'skin_care_clinic', 'displayName': 'Skin Care Clinic', 'isPredicted': False}, {'categoryId': 'laser_hair_removal_service', 'displayName': 'Laser Hair Removal Service', 'isPredicted': False}, {'categoryId': 'specialized_clinic', 'displayName': 'Specialized Clinic', 'isPredicted': False}, {'categoryId': 'medical_clinic', 'displayName': 'Medical Clinic', 'isPredicted': False}]"
438,6424b0015a8fda564fccbc28,0.0,restorativemedicinecenter.com,Restorative Medicine Center,//s3-eu-west-1.amazonaws.com/tpd/logos/6424b0015a8fda564fccbc28/0x0.png,0,0.0,"{'address': '345 S Coast Hwy 101, ste.A', 'city': 'Encinitas', 'zipCode': '92024', 'country': 'United States'}",False,"{'website': 'http://restorativemedicinecenter.com', 'email': 'info@restorativemedicinecenter.com', 'phone': '6197776567'}","[{'categoryId': 'holistic_medicine_practitioner', 'displayName': 'Holistic Medicine Practitioner', 'isPredicted': False}, {'categoryId': 'alternative_medicine_practitioner', 'displayName': 'Alternative Medicine Practitioner', 'isPredicted': False}, {'categoryId': 'naturopathic_practitioner', 'displayName': 'Naturopathic Practitioner', 'isPredicted': False}]"
439,6499971ea13a047eb4f1e4a7,0.0,kusalahealing.com,Kusala Healing,//s3-eu-west-1.amazonaws.com/tpd/logos/6499971ea13a047eb4f1e4a7/0x0.png,0,0.0,"{'address': None, 'city': None, 'zipCode': None, 'country': 'United States'}",False,"{'website': 'http://kusalahealing.com', 'email': None, 'phone': None}","[{'categoryId': 'blogger', 'displayName': 'Blogger', 'isPredicted': False}, {'categoryId': 'alternative_medicine_practitioner', 'displayName': 'Alternative Medicine Practitioner', 'isPredicted': False}]"
440,5b62e9f9170c9000019d277b,0.0,yogahealer.com,Yogahealer,,0,0.0,"{'address': 'Targhee Towne Road 135', 'city': 'Alta', 'zipCode': '83414', 'country': 'United States'}",False,"{'website': 'http://yogahealer.com', 'email': None, 'phone': None}","[{'categoryId': 'holistic_medicine_practitioner', 'displayName': 'Holistic Medicine Practitioner', 'isPredicted': False}, {'categoryId': 'health_consultant', 'displayName': 'Health Consultant', 'isPredicted': False}, {'categoryId': 'coaching_center', 'displayName': 'Coaching Center', 'isPredicted': False}, {'categoryId': 'life_coach', 'displayName': 'Life Coach', 'isPredicted': False}, {'categoryId': 'career_coach', 'displayName': 'Career Coach', 'isPredicted': False}, {'categoryId': 'business_networking_company', 'displayName': 'Business Networking Company', 'isPredicted': False}]"
441,60577589ec958d0001039813,0.0,medexdtc.com,Medex Diagnostic and Treatment Center,//s3-eu-west-1.amazonaws.com/tpd/logos/60577589ec958d0001039813/0x0.png,0,0.0,"{'address': '111-29 Queens Blvd', 'city': 'Forest Hills', 'zipCode': '11375', 'country': 'United States'}",False,"{'website': 'https://www.medexdtc.com/', 'email': 'info@medexdtc.com', 'phone': '(718) 275-8900'}","[{'categoryId': 'medical_clinic', 'displayName': 'Medical Clinic', 'isPredicted': False}, {'categoryId': 'internist', 'displayName': 'Internist', 'isPredicted': False}]"
442,5ea44a5b1ff47a0001f6555e,0.0,stateoftheheartrecovery.com,State of the Heart Recovery Inc,//s3-eu-west-1.amazonaws.com/tpd/logos/5ea44a5b1ff47a0001f6555e/0x0.png,0,0.0,"{'address': '203 California St. NE', 'city': 'Albuquerque', 'zipCode': '87108', 'country': 'United States'}",False,"{'website': 'http://stateoftheheartrecovery.com', 'email': 'paul@stateoftheheartrecovery.com', 'phone': '5053088296'}","[{'categoryId': 'mental_health_service', 'displayName': 'Mental Health Service', 'isPredicted': False}, {'categoryId': 'mental_health_clinic', 'displayName': 'Mental Health Clinic', 'isPredicted': False}, {'categoryId': 'psychoanalyst', 'displayName': 'Psychoanalyst', 'isPredicted': False}, {'categoryId': 'walk_in_clinic', 'displayName': 'Walk-In Clinic', 'isPredicted': False}]"
443,623cb02e92d2923242cb5d73,0.0,spiritualherbalistdoctor.com,Spiritualherbalistdoctor,//s3-eu-west-1.amazonaws.com/tpd/logos/623cb02e92d2923242cb5d73/0x0.png,0,0.0,"{'address': None, 'city': None, 'zipCode': None, 'country': 'United States'}",False,"{'website': 'http://spiritualherbalistdoctor.com', 'email': None, 'phone': None}","[{'categoryId': 'clergyman', 'displayName': 'Clergyman', 'isPredicted': False}, {'categoryId': 'herbalist', 'displayName': 'Herbalist', 'isPredicted': False}, {'categoryId': 'spiritist_center', 'displayName': 'Spiritist Center', 'isPredicted': False}, {'categoryId': 'herbal_medicine_store', 'displayName': 'Herbal Medicine Store', 'isPredicted': False}, {'categoryId': 'holistic_medicine_practitioner', 'displayName': 'Holistic Medicine Practitioner', 'isPredicted': False}, {'categoryId': 'herb_shop', 'displayName': 'Herb Shop', 'isPredicted': False}]"
444,640ef3862429f8d1cb5e94fe,0.0,artivann.blogspot.com,Buy Ativan Online instant delivery | $40 OFF,//s3-eu-west-1.amazonaws.com/tpd/logos/640ef3862429f8d1cb5e94fe/0x0.png,0,0.0,"{'address': 'Landline St. North Southern  Berwick, United State', 'city': 'new york', 'zipCode': '10001', 'country': 'United States'}",False,"{'website': 'https://thepharmacity.com/product-category/buy-ativan-online/', 'email': 'jcafe2652@gmail.com', 'phone': '07868021504'}","[{'categoryId': 'alternative_medicine_practitioner', 'displayName': 'Alternative Medicine Practitioner', 'isPredicted': False}]"
445,652525498860e2ce4e385717,0.0,southwesthealing.com,Southwest Myofascial Release,//s3-eu-west-1.amazonaws.com/tpd/logos/652525498860e2ce4e385717/0x0.png,0,0.0,"{'address': '255 Windsor Place', 'city': 'Brooklyn', 'zipCode': '11218', 'country': 'United States'}",False,"{'website': 'http://southwesthealing.com', 'email': 'healing@southwesthealing.com', 'phone': '7183690505'}","[{'categoryId': 'physiotherapist', 'displayName': 'Physical Therapist', 'isPredicted': False}, {'categoryId': 'physiotherapy_center', 'displayName': 'Physical Therapy Clinic', 'isPredicted': False}]"
446,6308a004744ce9c5e2e2398e,0.0,kshamakulhalli.in,Kshamakulhalli,//s3-eu-west-1.amazonaws.com/tpd/logos/6308a004744ce9c5e2e2398e/0x0.png,0,0.0,"{'address': None, 'city': None, 'zipCode': None, 'country': 'United States'}",False,"{'website': 'http://kshamakulhalli.in', 'email': None, 'phone': None}","[{'categoryId': 'obstetrics_gynecology_clinic', 'displayName': ""Women's Health Clinic"", 'isPredicted': False}]"
447,6424b0015a8fda564fccbc28,0.0,restorativemedicinecenter.com,Restorative Medicine Center,//s3-eu-west-1.amazonaws.com/tpd/logos/6424b0015a8fda564fccbc28/0x0.png,0,0.0,"{'address': '345 S Coast Hwy 101, ste.A', 'city': 'Encinitas', 'zipCode': '92024', 'country': 'United States'}",False,"{'website': 'http://restorativemedicinecenter.com', 'email': 'info@restorativemedicinecenter.com', 'phone': '6197776567'}","[{'categoryId': 'holistic_medicine_practitioner', 'displayName': 'Holistic Medicine Practitioner', 'isPredicted': False}, {'categoryId': 'alternative_medicine_practitioner', 'displayName': 'Alternative Medicine Practitioner', 'isPredicted': False}, {'categoryId': 'naturopathic_practitioner', 'displayName': 'Naturopathic Practitioner', 'isPredicted': False}]"
448,6499971ea13a047eb4f1e4a7,0.0,kusalahealing.com,Kusala Healing,//s3-eu-west-1.amazonaws.com/tpd/logos/6499971ea13a047eb4f1e4a7/0x0.png,0,0.0,"{'address': None, 'city': None, 'zipCode': None, 'country': 'United States'}",False,"{'website': 'http://kusalahealing.com', 'email': None, 'phone': None}","[{'categoryId': 'blogger', 'displayName': 'Blogger', 'isPredicted': False}, {'categoryId': 'alternative_medicine_practitioner', 'displayName': 'Alternative Medicine Practitioner', 'isPredicted': False}]"
449,63ef743e31f80c12b6cd8c1e,0.0,healingtouchom.com,Healing Touch Oriental Medicine,//s3-eu-west-1.amazonaws.com/tpd/logos/63ef743e31f80c12b6cd8c1e/0x0.png,0,0.0,"{'address': '1831 N. Belcher Rd. C2', 'city': 'Clearwater', 'zipCode': '33765', 'country': 'United States'}",False,"{'website': 'http://healingtouchom.com', 'email': 'drmary@healingtouchom.com', 'phone': '7276696000'}","[{'categoryId': 'acupuncturist', 'displayName': 'Acupuncturist', 'isPredicted': False}, {'categoryId': 'oriental_medicine_clinic', 'displayName': 'Oriental Medicine Clinic', 'isPredicted': False}, {'categoryId': 'wellness_center', 'displayName': 'Wellness Center', 'isPredicted': False}, {'categoryId': 'acupuncture_clinic', 'displayName': 'Acupuncture Clinic', 'isPredicted': False}, {'categoryId': 'medical_office', 'displayName': 'Medical Office', 'isPredicted': False}]"
450,623d7418d83c7b16d93e92b1,0.0,buyvaliumonsale.weebly.com,Buy Valium Online | Overnight Delivery ,//s3-eu-west-1.amazonaws.com/tpd/logos/623d7418d83c7b16d93e92b1/0x0.png,0,0.0,"{'address': None, 'city': None, 'zipCode': None, 'country': 'United States'}",False,"{'website': 'https://medsdaddy.com/product-category/anti-anxiety/buy-valium-online/', 'email': None, 'phone': None}","[{'categoryId': 'alternative_medicine_practitioner', 'displayName': 'Alternative Medicine Practitioner', 'isPredicted': False}]"
451,600eeebfba7c360001243439,0.0,nymarijuanacard.com,nymarijuanacard.com,,0,0.0,"{'address': None, 'city': None, 'zipCode': None, 'country': 'United States'}",False,"{'website': 'http://nymarijuanacard.com', 'email': None, 'phone': None}","[{'categoryId': 'medical_certificate_service', 'displayName': 'Medical Certificate Service', 'isPredicted': False}, {'categoryId': 'medical_clinic', 'displayName': 'Medical Clinic', 'isPredicted': False}]"
452,6437954d40dd867d9b2bb139,0.0,orderdiazepamcheaponline.blogspot.com,Buy Diazepam Online | diazepam buy online cheap,//s3-eu-west-1.amazonaws.com/tpd/logos/6437954d40dd867d9b2bb139/0x0.png,0,0.0,"{'address': 'Landline St. North Southern  Berwick, United State', 'city': 'San Jose', 'zipCode': '95150', 'country': 'United States'}",False,"{'website': 'https://thepharmacity.com/product/diazepam-5mg/', 'email': 'jcafe2652@gmail.com', 'phone': '07868021504'}","[{'categoryId': 'alternative_medicine_practitioner', 'displayName': 'Alternative Medicine Practitioner', 'isPredicted': False}]"
453,6479819f9904b30067aa393d,0.0,ordersoma350mg.blogspot.com,order now soma 350mg | get $50 off ,//s3-eu-west-1.amazonaws.com/tpd/logos/6479819f9904b30067aa393d/0x0.png,0,0.0,"{'address': 'Miami, Florida, United States', 'city': 'New York', 'zipCode': '10001', 'country': 'United States'}",False,"{'website': 'https://www.legalmedsguru.com/product/soma-500mg/', 'email': 'jhoncharlliee02@gmail.com', 'phone': '7868021504'}","[{'categoryId': 'alternative_medicine_practitioner', 'displayName': 'Alternative Medicine Practitioner', 'isPredicted': False}]"
454,63a56847b3f678ebda1007b6,0.0,hersmartchoice.com,Her Smart Choice,//s3-eu-west-1.amazonaws.com/tpd/logos/63a56847b3f678ebda1007b6/0x0.png,0,0.0,"{'address': 'East Los Angeles 2226 E Cesar Chavez Ave. Los Angeles, CA 90033', 'city': 'Los Angeles, CA', 'zipCode': '90033', 'country': 'United States'}",False,"{'website': 'http://hersmartchoice.com', 'email': 'jagdeep@hersmartchoice.com', 'phone': '3232509360'}","[{'categoryId': 'obstetrics_gynecology_clinic', 'displayName': ""Women's Health Clinic"", 'isPredicted': False}]"
455,638c4cfd510ed557bbfa685e,0.0,gfb.miami,Goflybuy inc,//s3-eu-west-1.amazonaws.com/tpd/logos/638c4cfd510ed557bbfa685e/0x0.png,0,0.0,"{'address': '382 NE 191 st ST PMB 94378', 'city': 'MIAMi', 'zipCode': '33179', 'country': 'United States'}",False,"{'website': 'http://gfb.miami', 'email': 'info@gfb.miami', 'phone': '(989) 601-3628'}","[{'categoryId': 'travel_clinic', 'displayName': 'Travel Clinic', 'isPredicted': False}, {'categoryId': 'timeshare_agency', 'displayName': 'Timeshare Agency', 'isPredicted': False}, {'categoryId': 'travel_insurance_company', 'displayName': 'Travel Insurance Company', 'isPredicted': False}, {'categoryId': 'travellers_lodge', 'displayName': 'Travellers Lodge', 'isPredicted': False}, {'categoryId': 'travel_agency', 'displayName': 'Travel Agency', 'isPredicted': False}, {'categoryId': 'cruise_travel_agency', 'displayName': 'Cruise Travel Agency', 'isPredicted': False}]"
456,5fa40c09263f0b0001b6acfd,0.0,nu-spine.com,NU-Spine NJ,//s3-eu-west-1.amazonaws.com/tpd/logos/5fa40c09263f0b0001b6acfd/0x0.png,0,0.0,"{'address': '561 US Hwy 1 South', 'city': 'Edison', 'zipCode': '08817', 'country': 'United States'}",False,"{'website': 'https://www.nu-spine.com', 'email': 'info@nu-spine.com', 'phone': '(732) 640-8203'}","[{'categoryId': 'medical_clinic', 'displayName': 'Medical Clinic', 'isPredicted': False}, {'categoryId': 'neurosurgeon', 'displayName': 'Neurosurgeon', 'isPredicted': False}]"
457,62448d770ecda0698b846eea,0.0,serein.health,Serein Acupuncture Integrative Wellness,//s3-eu-west-1.amazonaws.com/tpd/logos/62448d770ecda0698b846eea/0x0.png,0,0.0,"{'address': None, 'city': None, 'zipCode': None, 'country': 'United States'}",False,"{'website': 'http://serein.health', 'email': None, 'phone': None}","[{'categoryId': 'acupuncture_clinic', 'displayName': 'Acupuncture Clinic', 'isPredicted': False}]"
458,63e9451f89beef73c3cb84a3,0.0,responsumhealth.com,Responsum Health,//s3-eu-west-1.amazonaws.com/tpd/logos/63e9451f89beef73c3cb84a3/0x0.png,0,0.0,"{'address': None, 'city': None, 'zipCode': None, 'country': 'United States'}",False,"{'website': 'http://responsumhealth.com', 'email': 'info@responsumhealth.com', 'phone': None}","[{'categoryId': 'health_consultant', 'displayName': 'Health Consultant', 'isPredicted': False}, {'categoryId': 'obstetrics_gynecology_clinic', 'displayName': ""Women's Health Clinic"", 'isPredicted': False}, {'categoryId': 'community_health_center', 'displayName': 'Community Health Centre', 'isPredicted': False}, {'categoryId': 'pharmaceutical_lab', 'displayName': 'Pharmaceutical Lab', 'isPredicted': False}, {'categoryId': 'home_health_care_service', 'displayName': 'Home Health Care Service', 'isPredicted': False}]"
459,6516c4fa4f43e7c20ae1c2ae,0.0,benehealth.com,Benehealth,//s3-eu-west-1.amazonaws.com/tpd/logos/6516c4fa4f43e7c20ae1c2ae/0x0.png,0,0.0,"{'address': '16952 W Bell Rd. Ste. 304', 'city': 'Surprise ', 'zipCode': '85374', 'country': 'United States'}",False,"{'website': 'https://benehealth.com', 'email': 'contact@benehealth.com', 'phone': '623-440-5816'}","[{'categoryId': 'weight_loss_service', 'displayName': 'Weight Loss Service', 'isPredicted': False}, {'categoryId': 'wellness_center', 'displayName': 'Wellness Center', 'isPredicted': False}, {'categoryId': 'skin_care_clinic', 'displayName': 'Skin Care Clinic', 'isPredicted': False}, {'categoryId': 'medical_spa', 'displayName': 'Medical Spa', 'isPredicted': False}, {'categoryId': 'holistic_medicine_practitioner', 'displayName': 'Holistic Medicine Practitioner', 'isPredicted': False}]"
460,60e2c2a9f733a10001be6f03,0.0,firstrehab.co.uk,First Rehab,//s3-eu-west-1.amazonaws.com/tpd/logos/60e2c2a9f733a10001be6f03/0x0.png,0,0.0,"{'address': '35 Market Street', 'city': 'Bolton', 'zipCode': 'BL4 3NS', 'country': 'United States'}",False,"{'website': 'http://firstrehab.co.uk', 'email': 'contact@firstrehab.co.uk', 'phone': '01204323344'}","[{'categoryId': 'occupational_health_service', 'displayName': 'Occupational Health Service', 'isPredicted': False}, {'categoryId': 'physiotherapist', 'displayName': 'Physical Therapist', 'isPredicted': False}, {'categoryId': 'mental_health_service', 'displayName': 'Mental Health Service', 'isPredicted': False}, {'categoryId': 'medical_diagnostic_imaging_center', 'displayName': 'Medical Diagnostic Imaging Center', 'isPredicted': False}, {'categoryId': 'physiotherapy_center', 'displayName': 'Physical Therapy Clinic', 'isPredicted': False}]"
461,659c5b7f29de6643ad4fc128,0.0,cannabisdocgroup.com,Cannabis Doc,//s3-eu-west-1.amazonaws.com/tpd/logos/659c5b7f29de6643ad4fc128/0x0.png,0,0.0,"{'address': '3450 E Fletcher Ave Sutie 330', 'city': 'Tampa', 'zipCode': '33613', 'country': 'United States'}",False,"{'website': 'http://cannabisdocgroup.com', 'email': 'Info@CannabisDocGroup.com', 'phone': '813-501-4777'}","[{'categoryId': 'medical_group', 'displayName': 'Medical Group', 'isPredicted': False}, {'categoryId': 'cannabis_store', 'displayName': 'Cannabis store', 'isPredicted': False}, {'categoryId': 'holistic_medicine_practitioner', 'displayName': 'Holistic Medicine Practitioner', 'isPredicted': False}, {'categoryId': 'medical_center', 'displayName': 'Medical Center', 'isPredicted': False}, {'categoryId': 'alternative_medicine_practitioner', 'displayName': 'Alternative Medicine Practitioner', 'isPredicted': False}, {'categoryId': 'medical_office', 'displayName': 'Medical Office', 'isPredicted': False}]"
462,653d6e395b0ffaf4ce85242c,0.0,resolvechiropracticllc.com,Resolve Chiropractic,//s3-eu-west-1.amazonaws.com/tpd/logos/653d6e395b0ffaf4ce85242c/0x0.png,0,0.0,"{'address': '2705 S Calhoun Rd', 'city': 'New Berlin', 'zipCode': '53151', 'country': 'United States'}",False,"{'website': 'http://resolvechiropracticllc.com', 'email': 'resolvechiropractic@gmail.com', 'phone': '(262) 710-0628'}","[{'categoryId': 'chiropractor', 'displayName': 'Chiropractor', 'isPredicted': False}, {'categoryId': 'alternative_medicine_practitioner', 'displayName': 'Alternative Medicine Practitioner', 'isPredicted': False}]"
463,5e5eba9aa210c80001b1bafd,0.0,jdrolfing.com,JD Rolfing,,0,0.0,"{'address': 'Tahoe Boulevard 937', 'city': 'Incline Village', 'zipCode': '89451', 'country': 'United States'}",False,"{'website': 'http://jdrolfing.com', 'email': None, 'phone': None}","[{'categoryId': 'sports_medicine_clinic', 'displayName': 'Sports Medicine Clinic', 'isPredicted': False}, {'categoryId': 'chiropractor', 'displayName': 'Chiropractor', 'isPredicted': False}, {'categoryId': 'massage_therapist', 'displayName': 'Massage Therapist', 'isPredicted': False}, {'categoryId': 'acupuncture_clinic', 'displayName': 'Acupuncture Clinic', 'isPredicted': False}, {'categoryId': 'alternative_medicine_practitioner', 'displayName': 'Alternative Medicine Practitioner', 'isPredicted': False}]"
464,64a5a56fb764014b60dfe430,0.0,codingwithraz.com,Codingwithraz,//s3-eu-west-1.amazonaws.com/tpd/logos/64a5a56fb764014b60dfe430/0x0.png,0,0.0,"{'address': None, 'city': None, 'zipCode': None, 'country': 'United States'}",False,"{'website': 'http://codingwithraz.com', 'email': None, 'phone': None}","[{'categoryId': 'digital_printing_service', 'displayName': 'Digital Printing Service', 'isPredicted': False}, {'categoryId': 'software_training_institute', 'displayName': 'Software Training Institute', 'isPredicted': False}, {'categoryId': 'acupuncture_clinic', 'displayName': 'Acupuncture Clinic', 'isPredicted': False}]"
465,631212b78f54cfbb7f5cf6f6,0.0,beechwoodhealthcare.co.uk,Beechwoodhealthcare,,0,0.0,"{'address': None, 'city': None, 'zipCode': None, 'country': 'United States'}",False,"{'website': 'http://beechwoodhealthcare.co.uk', 'email': None, 'phone': None}","[{'categoryId': 'training_center', 'displayName': 'Training Centre', 'isPredicted': False}, {'categoryId': 'medical_clinic', 'displayName': 'Medical Clinic', 'isPredicted': False}, {'categoryId': 'medical_center', 'displayName': 'Medical Center', 'isPredicted': False}, {'categoryId': 'health_and_beauty_shop', 'displayName': 'Health and Beauty Shop', 'isPredicted': False}]"
466,5c18f116da8434000155d5b4,0.0,www.footdoctorpodiatristnyc.com,Manhattan Foot Specialists,//s3-eu-west-1.amazonaws.com/tpd/logos/5c18f116da8434000155d5b4/0x0.png,0,0.0,"{'address': '55 W 17th St STE 106,', 'city': 'New York', 'zipCode': '10011', 'country': 'United States'}",False,"{'website': 'https://www.footdoctorpodiatristnyc.com', 'email': 'info@footdoctorpodiatristnyc.com', 'phone': '(212) 378-9991'}","[{'categoryId': 'podiatrist', 'displayName': 'Podiatrist', 'isPredicted': False}, {'categoryId': 'medical_clinic', 'displayName': 'Medical Clinic', 'isPredicted': False}]"
467,608196ab6c05e7000118ea36,0.0,greenleafmedcenter.com,Green Leaf Medical Center,//s3-eu-west-1.amazonaws.com/tpd/logos/608196ab6c05e7000118ea36/0x0.png,0,0.0,"{'address': '51 Holmes Blvd Suite A', 'city': 'Terrytown', 'zipCode': '70056', 'country': 'United States'}",False,"{'website': 'http://greenleafmedcenter.com', 'email': 'greenleafmedical@hotmail.com', 'phone': '(504) 940-4942'}","[{'categoryId': 'medical_certificate_service', 'displayName': 'Medical Certificate Service', 'isPredicted': False}, {'categoryId': 'alternative_medicine_practitioner', 'displayName': 'Alternative Medicine Practitioner', 'isPredicted': False}, {'categoryId': 'medical_clinic', 'displayName': 'Medical Clinic', 'isPredicted': False}, {'categoryId': 'cannabis_store', 'displayName': 'Cannabis store', 'isPredicted': False}, {'categoryId': 'medical_center', 'displayName': 'Medical Center', 'isPredicted': False}, {'categoryId': 'doctor', 'displayName': 'Doctor', 'isPredicted': False}]"
468,64d3c77b1e4d52d6061d9739,0.0,revitalzerx.com,Revitalzerx,//s3-eu-west-1.amazonaws.com/tpd/logos/64d3c77b1e4d52d6061d9739/0x0.png,0,0.0,"{'address': '4522 W Village Dr', 'city': 'Tampa', 'zipCode': '33624', 'country': 'United States'}",False,"{'website': 'http://revitalzerx.com', 'email': 'info@revitalzerx.com', 'phone': None}","[{'categoryId': 'medical_clinic', 'displayName': 'Medical Clinic', 'isPredicted': False}, {'categoryId': 'weight_loss_service', 'displayName': 'Weight Loss Service', 'isPredicted': False}]"
469,62fe6866ff9e71b01fb3a06f,0.0,thrpt.com,"Total Health & Rehabilitation, INC",,0,0.0,"{'address': '1303 Veale Rd', 'city': 'Wilmington', 'zipCode': '19810', 'country': 'United States'}",False,"{'website': 'http://thrpt.com', 'email': 'craig@thrpt.com', 'phone': '3024770800'}","[{'categoryId': 'physiotherapy_center', 'displayName': 'Physical Therapy Clinic', 'isPredicted': False}, {'categoryId': 'physiotherapist', 'displayName': 'Physical Therapist', 'isPredicted': False}]"
470,64104c83a36e48c508a83a99,0.0,www.highsociety.delivery,highsociety.delivery,//s3-eu-west-1.amazonaws.com/tpd/logos/64104c83a36e48c508a83a99/0x0.png,0,0.0,"{'address': '420 Delivery Only', 'city': 'Irvine', 'zipCode': '92606', 'country': 'United States'}",False,"{'website': 'http://www.highsociety.delivery', 'email': 'Info@highsociety.delivery', 'phone': '9496297420'}","[{'categoryId': 'cannabis_store', 'displayName': 'Cannabis store', 'isPredicted': False}, {'categoryId': 'alternative_medicine_practitioner', 'displayName': 'Alternative Medicine Practitioner', 'isPredicted': False}, {'categoryId': 'delivery_service', 'displayName': 'Delivery Service', 'isPredicted': False}]"
471,62e900dd86e48b7c5035dcc0,0.0,dorehealth.co.uk,Dore Health Ltd,//s3-eu-west-1.amazonaws.com/tpd/logos/62e900dd86e48b7c5035dcc0/0x0.png,0,0.0,"{'address': None, 'city': None, 'zipCode': None, 'country': 'United States'}",False,"{'website': 'http://dorehealth.co.uk', 'email': None, 'phone': None}","[{'categoryId': 'personal_trainer', 'displayName': 'Personal Trainer', 'isPredicted': False}, {'categoryId': 'fitness_and_nutrition_service', 'displayName': 'Fitness and Nutrition Service', 'isPredicted': False}, {'categoryId': 'physiotherapy_center', 'displayName': 'Physical Therapy Clinic', 'isPredicted': False}, {'categoryId': 'osteopath', 'displayName': 'Osteopath', 'isPredicted': False}]"
472,60198ffa78dc970001725170,0.0,elshatoryretina.com,Elshatoryretina,//s3-eu-west-1.amazonaws.com/tpd/logos/60198ffa78dc970001725170/0x0.png,0,0.0,"{'address': '3900 AMERICAN DR STE 103', 'city': 'PLANO', 'zipCode': '75075-6188', 'country': 'United States'}",False,"{'website': 'http://elshatoryretina.com', 'email': 'RECEPTION@ELSHATORYRETINA.COM', 'phone': None}","[{'categoryId': 'ophthalmologist', 'displayName': 'Ophthalmologist', 'isPredicted': False}, {'categoryId': 'surgeon', 'displayName': 'Surgeon', 'isPredicted': False}, {'categoryId': 'ophthalmology_clinic', 'displayName': 'Ophthalmology Clinic', 'isPredicted': False}]"
473,65c999607e433a0bef0b2915,0.0,bluebonnetendocrinology.com,Bluebonnet Diabetes & Endocrinology,//s3-eu-west-1.amazonaws.com/tpd/logos/65c999607e433a0bef0b2915/0x0.png,0,0.0,"{'address': '4613 Bee Cave Rd Suite A-102', 'city': 'Austin', 'zipCode': '78746', 'country': 'United States'}",False,"{'website': 'https://bluebonnetendocrinology.com/', 'email': 'info@bluebonnetendocrinology.com', 'phone': '512-387-4224'}","[{'categoryId': 'endocrinologist', 'displayName': 'Endocrinologist', 'isPredicted': False}, {'categoryId': 'diabetes_center', 'displayName': 'Diabetes Center', 'isPredicted': False}, {'categoryId': 'weight_loss_service', 'displayName': 'Weight Loss Service', 'isPredicted': False}]"
474,611191dc488282001dd3234a,0.0,energymattersonline.com,energymattersonline.com,,0,0.0,"{'address': None, 'city': None, 'zipCode': None, 'country': 'United States'}",False,"{'website': 'http://energymattersonline.com', 'email': None, 'phone': None}","[{'categoryId': 'acupuncture_clinic', 'displayName': 'Acupuncture Clinic', 'isPredicted': False}, {'categoryId': 'health_consultant', 'displayName': 'Health Consultant', 'isPredicted': False}]"
475,6420caa2ec65b61c95e4c1b5,0.0,archstonerecovery.com,Archstone Behavioral Health,//s3-eu-west-1.amazonaws.com/tpd/logos/6420caa2ec65b61c95e4c1b5/0x0.png,0,0.0,"{'address': '501 W Perry St', 'city': 'Lantana', 'zipCode': '33462', 'country': 'United States'}",False,"{'website': 'http://archstonerecovery.com', 'email': 'info@archstonerecovery.com', 'phone': '561.588.8323'}","[{'categoryId': 'medical_clinic', 'displayName': 'Medical Clinic', 'isPredicted': False}]"
476,61a0a42e7adf7706ce19dfbe,0.0,californiamarijuanadoctor.com,California Marijuana Doctor,//s3-eu-west-1.amazonaws.com/tpd/logos/61a0a42e7adf7706ce19dfbe/0x0.png,0,0.0,"{'address': '1920 Hillhurst Ave', 'city': 'Los Angeles', 'zipCode': '90027', 'country': 'United States'}",False,"{'website': 'http://californiamarijuanadoctor.com', 'email': 'contact@californiamarijuanadoctor.com', 'phone': '949-822-8106'}","[{'categoryId': 'medical_clinic', 'displayName': 'Medical Clinic', 'isPredicted': False}, {'categoryId': 'alternative_medicine_practitioner', 'displayName': 'Alternative Medicine Practitioner', 'isPredicted': False}, {'categoryId': 'doctor', 'displayName': 'Doctor', 'isPredicted': False}]"
477,660b3b3253d1677cc2f77eb4,0.0,wholisticbotanica.com,Wholistic Botanica,//s3-eu-west-1.amazonaws.com/tpd/logos/660b3b3253d1677cc2f77eb4/0x0.png,0,0.0,"{'address': '3601 Magic Drive', 'city': 'San Antonio', 'zipCode': '78229', 'country': 'United States'}",False,"{'website': 'http://wholisticbotanica.com', 'email': 'misscarmelitaleon@wholisticbotanica.com', 'phone': None}","[{'categoryId': 'nutritionist', 'displayName': 'Nutritionist', 'isPredicted': False}, {'categoryId': 'alternative_medicine_practitioner', 'displayName': 'Alternative Medicine Practitioner', 'isPredicted': False}]"
478,5de642970593170001946696,0.0,redefinehealthcare.com,Redefine Healthcare,//s3-eu-west-1.amazonaws.com/tpd/logos/5de642970593170001946696/0x0.png,0,0.0,"{'address': '2500 Morris Ave, Suite 220', 'city': 'Union', 'zipCode': '07083', 'country': 'United States'}",False,"{'website': 'https://redefinehealthcare.com', 'email': 'info@redefinehealthcare.com', 'phone': '732-906-9600'}","[{'categoryId': 'medical_clinic', 'displayName': 'Medical Clinic', 'isPredicted': False}, {'categoryId': 'pain_management_physician', 'displayName': 'Pain Management Physician', 'isPredicted': False}, {'categoryId': 'physiotherapist', 'displayName': 'Physical Therapist', 'isPredicted': False}]"
479,618e8b43116710001f6ff321,0.0,www.protailored.com,protailored.com,,0,0.0,"{'address': '12722 Tonkel Road Suite 102', 'city': 'Fort Wayne', 'zipCode': '46845', 'country': 'United States'}",False,"{'website': 'http://www.protailored.com', 'email': 'info@protailored.com', 'phone': '2607390300'}","[{'categoryId': 'physiotherapy_center', 'displayName': 'Physical Therapy Clinic', 'isPredicted': False}]"
480,63e9451f89beef73c3cb84a3,0.0,responsumhealth.com,Responsum Health,//s3-eu-west-1.amazonaws.com/tpd/logos/63e9451f89beef73c3cb84a3/0x0.png,0,0.0,"{'address': None, 'city': None, 'zipCode': None, 'country': 'United States'}",False,"{'website': 'http://responsumhealth.com', 'email': 'info@responsumhealth.com', 'phone': None}","[{'categoryId': 'health_consultant', 'displayName': 'Health Consultant', 'isPredicted': False}, {'categoryId': 'obstetrics_gynecology_clinic', 'displayName': ""Women's Health Clinic"", 'isPredicted': False}, {'categoryId': 'community_health_center', 'displayName': 'Community Health Centre', 'isPredicted': False}, {'categoryId': 'pharmaceutical_lab', 'displayName': 'Pharmaceutical Lab', 'isPredicted': False}, {'categoryId': 'home_health_care_service', 'displayName': 'Home Health Care Service', 'isPredicted': False}]"
481,6516c4fa4f43e7c20ae1c2ae,0.0,benehealth.com,Benehealth,//s3-eu-west-1.amazonaws.com/tpd/logos/6516c4fa4f43e7c20ae1c2ae/0x0.png,0,0.0,"{'address': '16952 W Bell Rd. Ste. 304', 'city': 'Surprise ', 'zipCode': '85374', 'country': 'United States'}",False,"{'website': 'https://benehealth.com', 'email': 'contact@benehealth.com', 'phone': '623-440-5816'}","[{'categoryId': 'weight_loss_service', 'displayName': 'Weight Loss Service', 'isPredicted': False}, {'categoryId': 'wellness_center', 'displayName': 'Wellness Center', 'isPredicted': False}, {'categoryId': 'skin_care_clinic', 'displayName': 'Skin Care Clinic', 'isPredicted': False}, {'categoryId': 'medical_spa', 'displayName': 'Medical Spa', 'isPredicted': False}, {'categoryId': 'holistic_medicine_practitioner', 'displayName': 'Holistic Medicine Practitioner', 'isPredicted': False}]"
482,60198ffa78dc970001725170,0.0,elshatoryretina.com,Elshatoryretina,//s3-eu-west-1.amazonaws.com/tpd/logos/60198ffa78dc970001725170/0x0.png,0,0.0,"{'address': '3900 AMERICAN DR STE 103', 'city': 'PLANO', 'zipCode': '75075-6188', 'country': 'United States'}",False,"{'website': 'http://elshatoryretina.com', 'email': 'RECEPTION@ELSHATORYRETINA.COM', 'phone': None}","[{'categoryId': 'ophthalmologist', 'displayName': 'Ophthalmologist', 'isPredicted': False}, {'categoryId': 'surgeon', 'displayName': 'Surgeon', 'isPredicted': False}, {'categoryId': 'ophthalmology_clinic', 'displayName': 'Ophthalmology Clinic', 'isPredicted': False}]"
483,64104c83a36e48c508a83a99,0.0,www.highsociety.delivery,highsociety.delivery,//s3-eu-west-1.amazonaws.com/tpd/logos/64104c83a36e48c508a83a99/0x0.png,0,0.0,"{'address': '420 Delivery Only', 'city': 'Irvine', 'zipCode': '92606', 'country': 'United States'}",False,"{'website': 'http://www.highsociety.delivery', 'email': 'Info@highsociety.delivery', 'phone': '9496297420'}","[{'categoryId': 'cannabis_store', 'displayName': 'Cannabis store', 'isPredicted': False}, {'categoryId': 'alternative_medicine_practitioner', 'displayName': 'Alternative Medicine Practitioner', 'isPredicted': False}, {'categoryId': 'delivery_service', 'displayName': 'Delivery Service', 'isPredicted': False}]"
484,62e900dd86e48b7c5035dcc0,0.0,dorehealth.co.uk,Dore Health Ltd,//s3-eu-west-1.amazonaws.com/tpd/logos/62e900dd86e48b7c5035dcc0/0x0.png,0,0.0,"{'address': None, 'city': None, 'zipCode': None, 'country': 'United States'}",False,"{'website': 'http://dorehealth.co.uk', 'email': None, 'phone': None}","[{'categoryId': 'personal_trainer', 'displayName': 'Personal Trainer', 'isPredicted': False}, {'categoryId': 'fitness_and_nutrition_service', 'displayName': 'Fitness and Nutrition Service', 'isPredicted': False}, {'categoryId': 'physiotherapy_center', 'displayName': 'Physical Therapy Clinic', 'isPredicted': False}, {'categoryId': 'osteopath', 'displayName': 'Osteopath', 'isPredicted': False}]"
485,5df149bd9c3ee00001fdcd52,0.0,drverrett.com,Holistic Eyecare,,0,0.0,"{'address': None, 'city': 'New Orleans', 'zipCode': None, 'country': 'United States'}",False,"{'website': 'http://drverrett.com', 'email': 'Drverrett@drverrett.com', 'phone': '504-603-6955'}","[{'categoryId': 'optometrist', 'displayName': 'Optometrist', 'isPredicted': False}, {'categoryId': 'alternative_medicine_practitioner', 'displayName': 'Alternative Medicine Practitioner', 'isPredicted': False}, {'categoryId': 'nutritionist', 'displayName': 'Nutritionist', 'isPredicted': False}, {'categoryId': 'holistic_medicine_practitioner', 'displayName': 'Holistic Medicine Practitioner', 'isPredicted': False}, {'categoryId': 'doctor', 'displayName': 'Doctor', 'isPredicted': False}, {'categoryId': 'eye_care_center', 'displayName': 'Eye Care Center', 'isPredicted': False}]"
486,608196ab6c05e7000118ea36,0.0,greenleafmedcenter.com,Green Leaf Medical Center,//s3-eu-west-1.amazonaws.com/tpd/logos/608196ab6c05e7000118ea36/0x0.png,0,0.0,"{'address': '51 Holmes Blvd Suite A', 'city': 'Terrytown', 'zipCode': '70056', 'country': 'United States'}",False,"{'website': 'http://greenleafmedcenter.com', 'email': 'greenleafmedical@hotmail.com', 'phone': '(504) 940-4942'}","[{'categoryId': 'medical_certificate_service', 'displayName': 'Medical Certificate Service', 'isPredicted': False}, {'categoryId': 'alternative_medicine_practitioner', 'displayName': 'Alternative Medicine Practitioner', 'isPredicted': False}, {'categoryId': 'medical_clinic', 'displayName': 'Medical Clinic', 'isPredicted': False}, {'categoryId': 'cannabis_store', 'displayName': 'Cannabis store', 'isPredicted': False}, {'categoryId': 'medical_center', 'displayName': 'Medical Center', 'isPredicted': False}, {'categoryId': 'doctor', 'displayName': 'Doctor', 'isPredicted': False}]"
487,660b3b3253d1677cc2f77eb4,0.0,wholisticbotanica.com,Wholistic Botanica,//s3-eu-west-1.amazonaws.com/tpd/logos/660b3b3253d1677cc2f77eb4/0x0.png,0,0.0,"{'address': '3601 Magic Drive', 'city': 'San Antonio', 'zipCode': '78229', 'country': 'United States'}",False,"{'website': 'http://wholisticbotanica.com', 'email': 'misscarmelitaleon@wholisticbotanica.com', 'phone': None}","[{'categoryId': 'nutritionist', 'displayName': 'Nutritionist', 'isPredicted': False}, {'categoryId': 'alternative_medicine_practitioner', 'displayName': 'Alternative Medicine Practitioner', 'isPredicted': False}]"
488,61a0a42e7adf7706ce19dfbe,0.0,californiamarijuanadoctor.com,California Marijuana Doctor,//s3-eu-west-1.amazonaws.com/tpd/logos/61a0a42e7adf7706ce19dfbe/0x0.png,0,0.0,"{'address': '1920 Hillhurst Ave', 'city': 'Los Angeles', 'zipCode': '90027', 'country': 'United States'}",False,"{'website': 'http://californiamarijuanadoctor.com', 'email': 'contact@californiamarijuanadoctor.com', 'phone': '949-822-8106'}","[{'categoryId': 'medical_clinic', 'displayName': 'Medical Clinic', 'isPredicted': False}, {'categoryId': 'alternative_medicine_practitioner', 'displayName': 'Alternative Medicine Practitioner', 'isPredicted': False}, {'categoryId': 'doctor', 'displayName': 'Doctor', 'isPredicted': False}]"
489,618e8b43116710001f6ff321,0.0,www.protailored.com,protailored.com,,0,0.0,"{'address': '12722 Tonkel Road Suite 102', 'city': 'Fort Wayne', 'zipCode': '46845', 'country': 'United States'}",False,"{'website': 'http://www.protailored.com', 'email': 'info@protailored.com', 'phone': '2607390300'}","[{'categoryId': 'physiotherapy_center', 'displayName': 'Physical Therapy Clinic', 'isPredicted': False}]"
490,65ccf27e8ff5eebb9e365be7,0.0,drdavidbilstrom.com,Dr. David Bilstrom - Autoimmune Functional Medicine MD,,0,0.0,"{'address': '326 Poplar St, Blackfoot, ID 83221', 'city': 'Blackfoot', 'zipCode': '83221', 'country': 'United States'}",False,"{'website': 'http://drdavidbilstrom.com', 'email': 'help@drdavidbilstrom.com', 'phone': '2087822444'}","[{'categoryId': 'alternative_medicine_practitioner', 'displayName': 'Alternative Medicine Practitioner', 'isPredicted': False}]"
491,5e78dc1e600d1a0001be301c,0.0,excelptmt.com,Excel Physical Therapy,,0,0.0,"{'address': 'West Kagy Boulevard 1125', 'city': 'Bozeman', 'zipCode': '59715', 'country': 'United States'}",False,"{'website': 'http://excelptmt.com', 'email': None, 'phone': None}","[{'categoryId': 'physiotherapy_center', 'displayName': 'Physical Therapy Clinic', 'isPredicted': False}]"
492,618491eb483a0cd5be24206f,0.0,testfortravel.com,TestforTravel.com,//s3-eu-west-1.amazonaws.com/tpd/logos/618491eb483a0cd5be24206f/0x0.png,0,0.0,"{'address': None, 'city': 'Los Angeles', 'zipCode': None, 'country': 'United States'}",False,"{'website': 'https://testfortravel.com', 'email': 'support@testfortravel.com', 'phone': None}","[{'categoryId': 'medical_lab', 'displayName': 'Medical Laboratory', 'isPredicted': False}, {'categoryId': 'travel_clinic', 'displayName': 'Travel Clinic', 'isPredicted': False}]"
493,6285e563c39abf4de2a115fc,0.0,clina.in,GoodLeven Health IT Pvt Ltd,//s3-eu-west-1.amazonaws.com/tpd/logos/6285e563c39abf4de2a115fc/0x0.png,0,0.0,"{'address': None, 'city': None, 'zipCode': None, 'country': 'United States'}",False,"{'website': 'http://clina.in', 'email': None, 'phone': None}","[{'categoryId': 'medical_clinic', 'displayName': 'Medical Clinic', 'isPredicted': False}]"
494,639a07c23e0ba3168a0f5a90,0.0,buycarisoprodolonlinewithout.blogspot.com,Buy Carisoprodol Online Without a Prescription,//s3-eu-west-1.amazonaws.com/tpd/logos/639a07c23e0ba3168a0f5a90/0x0.png,0,0.0,"{'address': 'USA', 'city': 'Claremont', 'zipCode': '33133', 'country': 'United States'}",False,"{'website': 'https://americandawa.com/product-category/buy-carisoprodol-online/', 'email': 'johncarter89789@gmail.com', 'phone': '+1 (281) 617-2662'}","[{'categoryId': 'alternative_medicine_practitioner', 'displayName': 'Alternative Medicine Practitioner', 'isPredicted': False}]"
495,5de642970593170001946696,0.0,redefinehealthcare.com,Redefine Healthcare,//s3-eu-west-1.amazonaws.com/tpd/logos/5de642970593170001946696/0x0.png,0,0.0,"{'address': '2500 Morris Ave, Suite 220', 'city': 'Union', 'zipCode': '07083', 'country': 'United States'}",False,"{'website': 'https://redefinehealthcare.com', 'email': 'info@redefinehealthcare.com', 'phone': '732-906-9600'}","[{'categoryId': 'medical_clinic', 'displayName': 'Medical Clinic', 'isPredicted': False}, {'categoryId': 'pain_management_physician', 'displayName': 'Pain Management Physician', 'isPredicted': False}, {'categoryId': 'physiotherapist', 'displayName': 'Physical Therapist', 'isPredicted': False}]"
496,6029a1cb319b4b000151f01d,0.0,sisterearthcreations.com,Sister Earth Creations w/ Dianne,//s3-eu-west-1.amazonaws.com/tpd/logos/6029a1cb319b4b000151f01d/0x0.png,0,0.0,"{'address': 'By Appointment Only,  Missoula, Montana', 'city': 'Missoula', 'zipCode': '59801', 'country': 'United States'}",False,"{'website': 'http://sisterearthcreations.com', 'email': 'missoula.hypnotherapy@gmail.com', 'phone': '4066466504'}","[{'categoryId': 'meditation_center', 'displayName': 'Meditation Center', 'isPredicted': False}, {'categoryId': 'life_coach', 'displayName': 'Life Coach', 'isPredicted': False}, {'categoryId': 'metaphysical_supply_store', 'displayName': 'Metaphysical Supply Store', 'isPredicted': False}, {'categoryId': 'alternative_medicine_practitioner', 'displayName': 'Alternative Medicine Practitioner', 'isPredicted': False}]"
497,6682f92bdb093beb4c0b61bb,0.0,www.communitywellness.com,communitywellness.com,,0,0.0,"{'address': None, 'city': None, 'zipCode': None, 'country': 'United States'}",False,"{'website': 'http://www.communitywellness.com', 'email': 'hello@communitywellness.com', 'phone': '888-690-3696'}","[{'categoryId': 'medical_clinic', 'displayName': 'Medical Clinic', 'isPredicted': False}]"
